relative_path,size_bytes,sha256
00_preregistration/Experiment1_to_Experiment2_Handoff_v2.md,2743,b8e8fe9489efb324092f8940a63dabad2cbf433f914e706aed7abd7f69b5ad59
00_preregistration/Experiment1_to_Experiment2_Migration_Manifest_v4.md,5690,d80def813fa688be65944452798dbfbba76f24ca41f1206a729f9d52c299fa46
00_preregistration/Project_Montecito_Project_Specifications_v0.6.md,52504,70ade4842e9eabbdaf352876266247b14cb7569fa7c57216905969a08ed15a2a
00_preregistration/block_manifest_v1.csv,754,5dd855d2e71f5b935d03e34dcf6e379a6b0bdcb6d2dcc43c82e679a3cae299dc
00_preregistration/experiment2_config_v1_frozen.json,6560,25de26d1bd3c8fc1bf1f1c96bfcc5ef940e97829e42e8f7bfcece89ec4d650e3
01_inputs/low_height_zeta_pair_correlation.csv,38980,a12a37dc693e8615fdd904c8cce42cad053dabbcdb1f7118f3c4cf7bc43a06aa
01_inputs/low_height_zeta_unfolded_points.csv,597151,de949c189fd6f0850028c65dc3a8d9830e579f54c50ebbf564c563b09e7c1c7a
01_inputs/near_1e12_pair_correlation.csv,22273,b203faaa0426cc262bf88401495518633026464fb0f7196e3338e8c37799ee7e
01_inputs/near_1e12_unfolded_points.csv,626145,ed762a6863eb3c2a0f3b9d5a91d1bce6a99d976b3c10112b73a1f1e3e31a0360
01_inputs/near_1e21_pair_correlation.csv,22270,85797f352d44c73a6c849e3aac126fde79c93a757e23795c0454c86a5e1662ba
01_inputs/near_1e21_unfolded_points.csv,677215,fae0106ab0486c84b361f9772a643653944e1b2e9a8720540240a1bb65952140
02_results/C_spectra_and_crossings.csv,2686073,ce107926de7f739726aa0622d15a9bb768ba0b40d61240b913cf2f730c7344cd
02_results/analytic_gaussian_tail_budget.csv,217,93fa08c97d462ad4ca9d0278de2339662936e14e4324a3bd10badb157c607f2b
02_results/block_matrix_metrics.csv,54784,bcdff93e92af815fc6e11500e24ffba0eec740fbe14480ba3ee34796c13a33e2
02_results/block_metric_summary.csv,2799,33c4dd4c095a7001f59ac139b917d0b1bdc232f7cdfbb6a9d99fc46f7a07a097
02_results/direct_H_eigendecomposition_checks.csv,8962,fd46f4c2e627f5c37c0b887f409cc9348dd4c793573f1c490a1b759606203c65
02_results/experiment2_summary.json,4516,6c92a500d49cc4e62af308ec44042b2282c19cf9f599c33a6835259bb81bbf93
02_results/full_dataset_pair_bridge_checks.csv,764,9b6def36b8e557c504602aad3d33522d4084451201faa885a9a7f079cf91c761
02_results/inertia_profile_summary_by_location.csv,29804,663e1e7c8116230c86efa9b78a4291c86ff3452af8097ae15a246836fd5f34b2
02_results/inertia_profiles_all_blocks.csv,691768,00d61e939f589f61e30a6bb2491d0c2a05437ac871de0f7196e0653e5832d64b
02_results/nested_scale_sensitivity_by_location.csv,39968,b55d110b03b61a52deb71b57b7d28cb69ab34fd77113a2c53e45fbe85bc0512f
02_results/nested_scale_sensitivity_summary.csv,4580,42f50cb0b75bd99ca7d78eead143d86696d3ff75f75a04f6a4a7e9beeca5d184
02_results/numerical_integrity_summary.json,852,ff2357e5ec5e9e7e2fac19bbbee0dbb07786c68029469be7c1e5a7c2222846e5
02_results/numerically_unresolved_cases.csv,300,5980ee683c1699a7d2828087dccb9760134086b1a92a6cef1a732ed3e5d519f2
02_results/theoretical_GUE_gaussian_benchmark.json,146,105a57cbbda6798be5621a5b2f1db19faf7c9648d38e568d65f80450fa9117b5
03_figures/01_primary_inertia_and_bound_m512.png,103746,9e915dae2b7ccbd078c13d784762eaf1a8c0d934bda684d211576e8d0373fd6b
03_figures/02_primary_positive_inertia_by_block_size.png,88469,2734b899977552cc6db6061a0e81f465ae41e30e8004787457e82fbeea2532a5
03_figures/03_primary_pair_correlation_frobenius_bridge.png,64904,20c0307d2733f0d589e5095fed4db0a7f8b9393350627d0ddc5ae78be9baf95f
03_figures/04_zeta_height_controls_Dc_m512.png,52843,22fb92616d3f14a00b58d4478829f8c932c4f6d4dc2497389bcbb99490ecef58
03_figures/05_zeta_height_controls_positive_inertia_m512.png,97059,2e554da61b6a59cc52e6f8f8ca6a30bf889ebd3b2804a9665e455c9b72ba40ab
03_figures/06_primary_positive_bound_slack_m512.png,65172,d3e99fc39728263d8d38f25d5d6c9a57a1d59850687a7ce8016990d24d2bdf39
03_figures/07_primary_location_variability.png,118947,c1ceb4ea7e079ee95cf54f2beea76f451ccfd808e034c76bb792ff510cb80925
03_figures/08_full_dataset_Dc_vs_GUE_benchmark.png,99268,63d4afaee5eff359bb2fad9fe01269a3fe3f0abfdd541f54966d00d5ed4bf77a
04_report/Experiment2_Execution_Log_v1.md,2897,8457474fca1adf9f7b16eda06bc6d1a2df9515f690feeda849368ed613b083fc
04_report/Experiment2_Report_v1.md,20885,2ee7974e02a545fc8d8d1f400ed89ff0798578a484db5723ab05ef677b6a3ced
04_report/Project_Montecito_Experiment2_Report_v1.docx,590043,0f3c44afc61ec5982eea34552427912ea0f8bf72d8e74936b04f394d827c5526
04_report/Project_Montecito_Experiment2_Report_v1.pdf,923974,a1f075fc439d4380b0b4c76a5bc4ea1b817ece5ed74bc4cded22c3eb88adc541
05_reproducibility/environment.json,182,932b2286afc6bb6b377180b83709aed4028e86c1cc5b0d56d9ec9322a20d1268
05_reproducibility/verification_checks.csv,1698,7a49f5539a7293b962bada577012d0f6bfddb1da559de188dc01ff22863ba52b
05_reproducibility/verification_summary.json,77,702e1b7dee49d7354e105d7f532bffafa4522bcc816c7c47d9d06957aa3b0599
README.md,3226,87ee25212e0206a146128512053770b6f8fa0eb4860a5e20d1c12d06bb7919dd
src/build_report.py,23229,12dedb36bf42feb51d4f67883ed108458ffd2f71a4ccc9aa4e837ebb2ce8c07b
src/experiment2_run.py,14279,289b2d82b31f48053943ad01a2dba6c0d5f58ff53859dc9b97c7cb4b2b2356a3
src/make_figures.py,4343,07c500ed9ae3e052e36aac145e1bc85d39d23a700c9e0fdfd80ce92cb9558c23
src/verify_experiment2.py,4436,a43ff8865ecdca61b0b73b3db75fc0c7f350ac75ab7a1abd67d9540437547f09
