u_center,empirical_pair_correlation,GUE_bin_average,pair_count,residual_empirical_minus_GUE
0.05,0.00999974908249614,0.010880075773905361,10,-0.0008803266914092205
0.15000000000000002,0.07299889838983273,0.07413404796904367,73,-0.001135149579210945
0.25,0.17399911448789437,0.19095854114451258,174,-0.016959426656618204
0.35000000000000003,0.3500017193575816,0.34397032721535326,350,0.0060313921422283645
0.45,0.5660084414658202,0.5115819583831043,566,0.054426483082715915
0.55,0.6640165443906446,0.6721885543830427,664,-0.008172009992398088
0.6500000000000001,0.8140284236194847,0.8080880987057939,814,0.0059403249136907865
0.75,0.8840397100331899,0.9082828445338806,884,-0.02424313450069071
0.8500000000000001,0.9530523420504092,0.9696220624379863,953,-0.01656972038757709
0.95,0.977063432949614,0.9961768215519744,977,-0.019113388602360448
1.05,0.9740729810936918,0.9971682598039076,974,-0.023095278710215772
1.1500000000000001,1.0470889242806714,0.9840897678865965,1047,0.06299915639407483
1.25,0.9470899042559712,0.9677947309947521,947,-0.020704826738780935
1.35,0.9410987480295678,0.9562443325964874,941,-0.015145584566919612
1.4500000000000002,0.94310839149314,0.9533617580525251,943,-0.010253366559385135
1.55,0.920114951479534,0.9591011977685195,920,-0.038986246288985504
1.6500000000000001,0.9911337368988105,0.9705117715364148,991,0.02062196536239569
1.75,1.0131468402899466,0.9833461401644015,1013,0.029800700125545143
1.85,0.9891532559004979,0.9936840682034461,989,-0.004530812302948273
1.9500000000000002,0.9821619958928599,0.9991179420578019,982,-0.016955946164942004
2.05,0.9681693712212628,0.9992406350449042,968,-0.03107126382364145
2.1500000000000004,1.0041857153741793,0.9954171041495948,1004,0.0087686112245845
2.25,1.022199270454103,0.9900341693999467,1022,0.032165101054156264
2.3500000000000005,0.9922033465857821,0.98554896777027,992,0.006654378815512119
2.45,1.0012152072728178,0.9836689151281006,1001,0.017546292144717146
2.55,1.0052261232750825,0.984905161123619,1005,0.020320962151463506
2.6500000000000004,0.9902326544421206,0.9885881806301873,990,0.0016444738119333335
2.75,0.9712379055746969,0.9932735949609561,971,-0.022035689386259216
2.8500000000000005,1.0332634330715755,0.9973497911610998,1033,0.035913641910475746
2.95,0.9602544233262958,0.9996180044904004,960,-0.039363581164104544
3.05,0.9592637550190091,0.9996542907833562,959,-0.040390535764347146
3.1500000000000004,0.9732773424671359,0.9978593113900631,973,-0.02458196892292719
3.25,0.9962938657278219,0.995217902100228,996,0.0010759636275938789
3.3500000000000005,1.0373163404964616,0.992885581077311,1037,0.044430759419150645
3.45,0.9713059245431691,0.9917642145144253,971,-0.020458289971256205
3.55,1.0263335211293805,0.9922143940327595,1026,0.034119127096621016
3.6500000000000004,0.953319328888501,0.9939889569046323,953,-0.040669628016131276
3.75,0.967333698102475,0.9963868651169633,967,-0.029053167014488235
3.8500000000000005,1.0383685881373246,0.9985505462047051,1038,0.03981804193261951
3.95,0.9753559757673137,0.9997878622748277,975,-0.024431886507514045
4.050000000000001,0.9943728616836894,0.9998031606553274,994,-0.005430298971637937
4.15,1.0694116949528476,0.9987649185613515,1069,0.07064677639149608
4.25,0.9703832770430357,0.9972017171265575,970,-0.026818440083521744
4.35,0.9493844784102619,0.995779440724969,949,-0.04639496231470719
4.45,1.0454338321552221,0.9950496730118814,1045,0.05038415914334071
4.550000000000001,1.0264362145663208,0.9952614186710598,1026,0.031174795895261065
4.65,1.010439522310642,0.9962977760983805,1010,0.014141746212261386
4.75,0.9394180249716699,0.9977495042779785,939,-0.058331479306308553
4.8500000000000005,1.0084588331557034,0.9990876649793724,1008,0.00937116817633099
4.95,1.0104698544566102,0.9998652649325352,1010,0.010604589524074948
5.050000000000001,0.99747378780187,0.9998730953592514,997,-0.0023993075573813805
5.15,0.9674692122389242,0.9991972862669776,967,-0.03172807402805333
5.25,1.006498207479448,0.9981654378413998,1006,0.008332769638048187
5.3500000000000005,1.0255178788658963,0.9972092501417815,1025,0.02830862872411477
5.45,1.0325317477889209,0.9966995557423699,1032,0.03583219204655097
5.550000000000001,0.9575026848227292,0.996815512015257,957,-0.03931282719252782
5.65,0.97652243690018,0.9974929223478128,976,-0.020970485447632803
5.75,0.9885387525682223,0.9984648533115672,988,-0.009926100743344879
5.8500000000000005,1.0365752998489999,0.999373374414854,1036,0.03720192543414591
5.95,1.0375862384450962,0.999906907411507,1037,0.037679331033589225
6.050000000000001,0.9825649785393938,0.999911438171851,982,-0.01734645963245718
6.15,0.925541446692416,0.9994367695480881,925,-0.07389532285567213
6.25,1.0296126266645969,0.998705157631038,1029,0.0309074690335589
6.3500000000000005,1.0176156661766909,0.998018755437496,1017,0.019596910739194895
6.45,1.0446424657196502,0.9976435618370101,1044,0.046998903882640164
6.550000000000001,0.9626016373359637,0.997713804689556,962,-0.03511216735359224
6.65,0.9956322397680972,0.998190533336399,995,-0.0025582935683017283
6.75,0.9656228411746111,0.9988863385705332,965,-0.03326349739592216
6.8500000000000005,0.9866462696437406,0.9995432115459845,986,-0.012896941902243886
6.95,0.9816528169503533,0.9999318521700217,981,-0.018279035219668338
7.050000000000001,0.9606484566928944,0.9999347050805758,960,-0.039286248387681355
7.15,1.0387115395960065,0.9995831174900541,1038,0.039128422105952354
7.25,1.0187080254737295,0.999037516436122,1018,0.019670509037607475
7.3500000000000005,1.0207196324183059,0.9985210497472284,1020,0.022198582671077438
7.45,1.0007155377986876,0.9982336717970524,1000,0.0024818660016352467
7.550000000000001,0.9857146705118505,0.9982793946434171,985,-0.012564724131566618
7.65,0.9967326277599273,0.9986328389054623,996,-0.001900211145534958
7.75,1.0157567702584667,0.9991553717468571,1015,0.016601398511609577
7.8500000000000005,1.0207707151451817,0.9996523108425786,1020,0.021118404302603144
7.95,0.9867549012273135,0.9999479652764738,986,-0.013193064049160319
8.05,1.0307989060368772,0.999949876382092,1030,0.0308490296547852
8.15,0.9877754406485637,0.9996790375998802,987,-0.011903596951316486
8.25,0.991788510532433,0.9992565836208732,991,-0.007468073088440219
8.350000000000001,0.9687799071468007,0.9988539899396408,968,-0.030074082792840073
8.45,0.9978132599053269,0.9986269775883521,997,-0.0008137176830251835
8.55,1.0138364594778035,0.9986583858179385,1013,0.01517807365986501
8.65,0.993829893075457,0.9989307691995748,993,-0.0051008761241178036
8.75,0.984832229517968,0.9993375048802231,984,-0.014505275362255099
8.850000000000001,1.0058600592343336,0.9997265259805448,1005,0.006133533253788848
8.95,0.972841556784168,0.9999589724364643,972,-0.027117415652296306
9.05,1.0138872038257072,0.9999603146084894,1013,0.013926889217217742
9.15,1.0118955816300206,0.9997452936152635,1011,0.012150288014757038
9.25,0.9808779397112213,0.9994085577089583,980,-0.01853061799773703
9.350000000000001,1.0269294292669964,0.9990859612481768,1026,0.02784346801881954
9.45,1.0639735977770322,0.998902174272399,1063,0.06507142350463313
9.55,0.957886101938455,0.9989246709108354,957,-0.04103856897238034
9.650000000000002,0.9358751006960687,0.9991409497450036,935,-0.06326584904893484
9.75,1.0219658221033037,0.9994665004322241,1021,0.022499321671079597
9.850000000000001,1.0299837009911947,0.9997792866665213,1029,0.030204414324673468
9.95,1.0189833864462818,0.9999668234217993,1018,0.019016563024482513
10.05,1.0019769955280164,0.9999678018346858,1001,0.0020091936933306354
10.150000000000002,1.0069919569883756,0.9997929664887216,1006,0.007198990499654001
10.25,0.9939890897447131,0.9995182815257402,993,-0.005529191781027065
10.350000000000001,0.9899950168947123,0.9992540173516511,989,-0.009259000456938837
10.45,1.0100252506049745,0.9991022208380924,1009,0.010923029766882086
10.55,0.9880127880321559,0.9991188822561947,987,-0.011106094224038854
10.650000000000002,1.0250610175292425,0.9992947396716316,1024,0.025766277857610875
10.75,0.9509938637518177,0.9995611850376841,950,-0.04856732128586638
10.850000000000001,1.0070625321805233,0.9998181309096036,1006,0.0072444012709197425
10.95,1.0000651516334342,0.9999726189443785,999,9.253268905573542e-05
11.05,1.005080545856386,0.9999733540234967,1004,0.005107191832889324
11.150000000000002,1.0461351460211328,0.9998284077712479,1045,0.04630673824988485
11.25,0.9960908061401221,0.9996000798166703,995,-0.0035092736765481858
11.350000000000001,0.9430421451708338,0.9993796516027933,942,-0.05633750643195945
11.45,0.9640750306686549,0.9992521827341526,963,-0.03517715206549776
11.55,1.0401702871165825,0.9992648645048122,1039,0.040905422611770326
11.650000000000002,0.9851182012234142,0.9994106454274201,984,-0.014292444204005883
11.75,1.0031487006193671,0.9996327299849949,1002,0.0035159706343722563
11.850000000000001,0.9821344602345722,0.999847555030565,981,-0.017713094795992812
11.95,1.0452177814204557,0.9999770185859868,1044,0.045240762834468984
12.05,0.9421070698896518,0.9999775847741427,941,-0.05787051488449091
12.150000000000002,1.028218543303017,0.9998554702501903,1027,0.028363073052826815
12.25,0.9951893538500407,0.9996626835256824,994,-0.004473329675641735
12.350000000000001,1.062280158780244,0.9994760273174723,1061,0.06280413146277164
12.45,0.9801910362760151,0.999367483973368,979,-0.01917644769735294
12.55,1.0262572758695327,0.9993773590032164,1025,0.0268799168663163
12.650000000000002,0.9742032476628799,0.9995001604801544,973,-0.02529691281727453
12.75,1.0022479099757917,0.9996881041347127,1001,0.002559805841079066
12.850000000000001,0.9521951121593061,0.9998703759044638,951,-0.04767526374515774
12.95,0.9902527829387276,0.9999804371178701,989,-0.009727654179142453
13.05,1.0343188764287414,0.9999808824341053,1033,0.03433799399463611
13.150000000000002,0.9592327267505877,0.9998766010836919,958,-0.040643874333104235
13.25,0.9932864242081834,0.9997116601360865,992,-0.006425235927903117
13.350000000000001,1.050370860742923,0.9995515716974278,1049,0.05081928904549515
13.45,0.9452431102860827,0.9994580378387095,944,-0.0542149275526268
13.55,0.9742910563589214,0.9994658768854032,973,-0.02517482052648179
13.650000000000002,1.0073449319023267,0.9995707285335113,1006,0.007774203368815402
13.75,0.9803186531855718,0.9997318375358178,979,-0.019413184350246082
13.850000000000001,1.0043610384689332,0.9998884311232307,1003,0.0044726073457025395
13.95,1.0564421812345193,0.9999831459636539,1055,0.056459035270865376
14.05,0.9963701403688174,0.9999835025048944,995,-0.003613362136076992
14.150000000000002,1.045448085172223,0.9998934151244391,1044,0.04555467004778391
14.25,0.9783649512926418,0.9997506957123515,977,-0.02138574441970975
14.350000000000001,1.0444676197957168,0.9996118827156638,1043,0.04485573708005297
14.45,0.9403306979973789,0.9995304511907935,939,-0.05919975319341464
14.55,1.0404828336168201,0.9995367776021841,1039,0.04094605601463608
14.650000000000002,1.0104501389450593,0.9996273425815959,1009,0.010822796363463394
14.75,0.9994443401107704,0.9997669782800715,998,-0.0003226381693011149
14.850000000000001,1.0455213849238272,0.9999029608425857,1044,0.045618424081241504
14.95,0.9874467539806558,0.9999853287871401,986,-0.012538574806484237
15.05,0.9904610766018775,0.9999856186658391,989,-0.009524542063961583
15.150000000000002,1.0285275171555763,0.9999070128721,1027,0.02862050428347629
15.25,0.9534255152355219,0.9997823093140794,952,-0.04635679407855753
15.350000000000001,0.9604456173439538,0.9996607968715849,959,-0.039215179527631094
15.45,0.9484370284733314,0.9995892646861808,947,-0.05115223621284937
15.55,1.0085381779879319,0.9995944438995777,1007,0.008943734088354138
15.650000000000002,1.0005359803514078,0.9996734530373061,999,0.0008625273141016354
15.75,1.0055537405521353,0.9997956383770076,1004,0.005758102175127733
15.850000000000001,1.018584061944746,0.9999148265707465,1017,0.01866923537399945
15.95,1.0185942653872146,0.9999871134651508,1017,0.018607151922063858
16.05,1.0085886925440954,0.9999873523161292,1007,0.008601340227966214
16.15,1.0015876822865566,0.9999181652403409,1000,0.0016695170462156517
16.25,0.9875753477522213,0.9998082698414232,986,-0.012232922089201903
16.35,1.0116238269551614,0.9997010147578456,1010,0.011922812197315835
16.450000000000003,0.9545417475316907,0.9996376823396668,953,-0.045095934807976024
16.55,1.0687368812070688,0.9996419757755141,1067,0.06909490543155472
16.65,0.9946263867671941,0.9997115061985948,993,-0.005085119431400775
16.75,0.9796116327241083,0.999819318673348,978,-0.020207685949239607
16.85,0.9345468402124775,0.9999246418807944,933,-0.06537780166831697
16.950000000000003,1.0397313381281654,0.9999885912518994,1038,0.039742746876266
17.05,1.0136981267931617,0.9999887903823302,1012,0.013709336410831496
17.15,0.9846593297528893,0.9999274252823303,983,-0.015268095529440973
17.25,0.9866725907698355,0.9998298489727795,985,-0.013157258202944
17.35,0.972658562568947,0.9997344819830278,971,-0.02707591941408083
17.450000000000003,1.0327713954246038,0.9996780173233826,1031,0.03309337810122126
17.55,1.0087402665785625,0.9996816159842654,1007,0.009058650594297113
17.65,0.9686808449062855,0.9997432755332509,967,-0.031062430626965454
17.75,1.0157727175874376,0.9998391094198805,1014,0.015933608167557067
17.85,1.0197899279204945,0.9999328533554791,1018,0.019857074565015398
17.950000000000003,1.0177966088578962,0.9999898286802971,1016,0.01780678017759918
18.05,1.0198103632632651,0.9999899964311443,1018,0.01982036683212085
18.15,0.9266542609515175,0.9999351981030344,925,-0.07328093715151696
18.25,0.9977912340150794,0.999847979918704,996,-0.0020567459036245905
18.35,1.0178374008822195,0.9997626289835593,1016,0.018074771898660247
18.450000000000003,0.9877930442988395,0.9997119734730591,986,-0.01191892917421955
18.55,0.9757809993793711,0.999715019532804,974,-0.023934020153432822
18.65,1.0038422569295444,0.9997700721201799,1002,0.004072184809364554
18.75,1.0699743243272253,0.9998558180458457,1068,0.07011850628137961
18.85,1.0238995474529868,0.9999397922984247,1022,0.023959755154562168
18.950000000000003,1.0138911202662635,0.9999908751838259,1012,0.01390024508243759
19.05,1.0098937649130013,0.9999910178166921,1008,0.009902747096309228
19.150000000000002,0.9548000019568771,0.9999417859312285,953,-0.045141783974351424
19.25,0.9427867838528421,0.9998633600401295,941,-0.05707657618728745
19.35,1.0409832988824044,0.9997865264520533,1039,0.041196772430351025
19.450000000000003,0.9818805156442839,0.9997408282247315,980,-0.017860312580447624
19.55,0.9798864970980268,0.9997434292736579,978,-0.019856932175631115
19.650000000000002,1.0049447908846656,0.9997928821200847,1003,0.005151908764580937
19.75,1.0700815474739533,0.9998700528399012,1068,0.07021149463405219
19.85,0.9759081197802861,0.9999457086836319,974,-0.02403758890334573
19.950000000000003,0.9819297142214343,0.9999917681113493,980,-0.018062053889914997
20.05,0.9939633041757983,0.9999918904007635,992,-0.006028586224965271
20.150000000000002,1.0490826699993452,0.9999474179489074,1047,0.04913525205043778
20.25,0.985967232614905,0.9998765189213703,984,-0.013909286306465263
20.35,0.9569188450863745,0.9998069886860881,955,-0.0428881435997136
20.450000000000003,0.9709567053873089,0.9997655545406711,969,-0.028808849153362126
20.55,1.0290841382816882,0.9997677932087332,1027,0.029316345072954997
20.650000000000002,1.0060475458316744,0.9998124588229867,1004,0.00623508700868769
20.75,1.0351170620341026,0.9998822791075334,1033,0.03523478292656923
20.85,0.9860265219800982,0.9999507939882847,984,-0.013924272008186467
20.950000000000003,0.9679991529372483,0.9999925361063373,966,-0.03199338316908906
21.05,1.0020795596406715,0.9999926417442048,1000,0.0020869178964667556
21.150000000000002,1.0171209470292384,0.9999522704968283,1015,0.017168676532410054
21.25,0.9820576535990002,0.9998878645764785,980,-0.017830210977478278
21.35,0.9730485092580345,0.9998246438864524,971,-0.02677613462841788
21.450000000000003,1.0442087630612207,0.9997869040176223,1042,0.04442185904359841
21.55,0.9510211596759198,0.9997888446129596,949,-0.04876768493703976
21.650000000000002,1.0542510935050213,0.9998293856495771,1052,0.0544217078554442
21.75,0.9931305184697432,0.9998928576850282,991,-0.006762339215285018
21.85,0.97911023405174,0.999955196882471,977,-0.020844962830731006
21.950000000000003,1.0021699569829294,0.9999932014329356,1000,0.0021767555499938585
22.05,1.0091952621538067,0.9999932933102524,1007,0.009201968843554287
22.150000000000002,0.9921681470211546,0.9999564810478137,990,-0.007788334026659016
22.25,1.0242484951019835,0.9998977154630594,1022,0.02435077963892407
22.35,1.0002057185371984,0.9998399829546784,998,0.0003657355825200659
22.450000000000003,1.0072312857001529,0.9998054646847608,1005,0.00742582101539202
22.55,0.9621410217015498,0.9998071578603792,960,-0.03766613615882941
22.650000000000002,1.0393231675635874,0.9998441201281272,1037,0.03947904743546027
22.75,0.9621603109142622,0.9999020718720434,960,-0.037741760957781145
22.85,1.039344004349637,0.9999590342200954,1037,0.03938497012954156
22.950000000000003,1.0283294484623227,0.9999937816079401,1026,0.028335666854382602
23.05,1.0052873061688583,0.9999938620145632,1003,0.005293444154295113
23.150000000000002,0.9591920201236285,0.9999601580516931,957,-0.04076813792806466
23.25,0.9732338434868693,0.9999063230755161,971,-0.026672479588646825
23.35,1.0123337135678994,0.9998533939896312,1010,0.012480319578268118
23.450000000000003,0.9842788836702453,0.9998217019322024,982,-0.015542818261957136
23.55,0.9943120580166864,0.9998231880227471,992,-0.005511130006060627
23.650000000000002,1.023389907817006,0.9998570251400397,1021,0.023532882676966183
23.75,0.9963366958009742,0.9999101465984302,994,-0.003573450797456079
23.85,0.9983514059886459,0.99996239887304,996,-0.0016109928843940358
23.950000000000003,0.9993637856741561,0.9999942905656771,997,-0.0006305048915210554
24.05,1.004385709448935,0.9999943613342954,1002,0.004391348114639593
24.150000000000002,0.9943718689643685,0.999963387989205,992,-0.0055915190248365665
24.25,1.0013986454809227,0.9999138881576843,999,0.0014847573232383837
24.35,1.0064207407017878,0.9998651870799397,1004,0.00655555362184812
24.450000000000003,1.0034235674534149,0.999835987971178,1001,0.003587579482236869
24.55,0.9543144990672522,0.99983729941589,952,-0.04552280034863776
24.650000000000002,0.9874046281894554,0.9998683914785087,985,-0.012463763289053298
24.75,1.039541995495071,0.9999172622828185,1037,0.03962473321225257
24.85,0.952338280870484,0.9999653654037911,950,-0.04762708453330711
24.950000000000003,0.9944516280887068,0.9999947395025551,992,-0.005543111413848334
25.05,1.0205261165914619,0.9999948021139861,1018,0.020531314477475804
25.150000000000002,1.0365762129481912,0.999966240503853,1034,0.03660997244433828
25.25,1.007514061254488,0.9999205725141355,1005,0.007593488740352483
25.35,1.0095291865285845,0.9998756123912045,1007,0.009653574137379994
25.450000000000003,1.0045267006122056,0.9998486233566433,1002,0.004678077255562352
25.55,0.9854886704436686,0.9998497864836803,983,-0.014361116040011668
25.650000000000002,0.9754731343428019,0.9998784543746819,973,-0.024405320031880007
25.75,1.0496717498080121,0.9999235649989532,1047,0.04974818480905896
25.85,0.9684747638482669,0.9999679942322024,966,-0.03149323038393548
25.950000000000003,0.9995642045907291,0.9999951374981402,997,-0.0004309329074110302
26.05,0.9614761126511655,0.999995193159385,959,-0.038519080508219505
26.150000000000002,0.9945712907688161,0.9999687721877535,992,-0.0053974814189373665
26.25,1.033682745102292,0.9999265077345664,1031,0.033756237367725705
26.35,1.018653928574884,0.9998848735431849,1016,0.01876905503169901
26.450000000000003,0.9825697446773265,0.9998598529256343,980,-0.01729010824830779
26.55,0.9996243459420366,0.9998608892831092,997,-0.00023654334107259256
26.650000000000002,1.049766485058978,0.9998874057669194,1047,0.0498790792920587
26.75,0.9876125664467487,0.9999291740326776,985,-0.012316607585928896
26.85,1.0217129922758208,0.9999703347365075,1019,0.02174265753931326
26.950000000000003,0.9585548732721715,0.9999954919778711,956,-0.041440618705699594
27.05,1.0036851993306795,0.9999955416806927,1001,0.003689657649986744
27.150000000000002,0.98163602823044,0.999971029410341,979,-0.018335001179900945
27.25,1.0347891119753592,0.9999318017200172,1032,0.034857310255342
27.35,1.007726247138851,0.9998931376282841,1005,0.007833109510566927
27.450000000000003,0.9636165529084918,0.9998698777478946,961,-0.0362533248394028
27.55,1.032814779879635,0.999870805108601,1030,0.032943974771033946
27.650000000000002,0.956616681229576,0.9998954035217054,954,-0.04327872229212937
27.75,0.9345657112680369,0.9999341875678209,932,-0.06536847629978404
27.85,1.0398651956710385,0.999972427589105,1037,0.03989276808193354
27.950000000000003,1.0388728518062347,0.9999958090619316,1036,0.038877042744303036
28.05,0.9777135032224413,0.9999958536273192,975,-0.022282350404877915
28.150000000000002,1.0298685523963718,0.9999730504568144,1027,0.029895501939557367
28.25,1.0389041103636163,0.9999365436218357,1036,0.03896756674178059
28.35,0.9627007230586229,0.9999005428016294,960,-0.03719981974300657
28.450000000000003,0.9897866081960636,0.9998788641895691,987,-0.010092255993505495
28.55,0.977762535262619,0.9998796973177068,975,-0.022117162055087736
28.650000000000002,0.9878007765404048,0.9999025784420418,985,-0.01210180190163701
28.75,1.0780674981178513,0.9999386870123179,1075,0.07812881110553338
28.85,0.980800547483835,0.9999743065355534,978,-0.019173759051718364
28.950000000000003,0.9607529131584387,0.9999960938312026,958,-0.03924318067276389
29.05,1.006895198471602,0.9999961339434769,1004,0.006899064528125054
29.150000000000002,0.974812699032976,0.9999748671623233,972,-0.02516216812934735
29.25,0.9978892640406017,0.9999408076197185,995,-0.0020515435791167436
29.35,1.0029138428276148,0.9999072040928931,1000,0.003006638734721623
29.450000000000003,1.0490584024351455,0.9998869508603321,1046,0.049171451574813396
29.55,1.0199838405515649,0.9998877021025465,1017,0.020096138449018364
29.650000000000002,0.9728557029455973,0.9999090396498783,970,-0.027053336704281006
29.75,0.9879097730697777,0.9999427403238905,985,-0.012032967254112847
29.85,0.9788930057309982,0.9999759997634562,976,-0.021082994032457947
29.950000000000003,0.9568373928096487,0.9999963505320744,954,-0.04315895772242562
