dataset,role,m,lambda,p_pos_mean,p_pos_sd_location,p_neg_mean,p_neg_sd_location,p_unres_mean,b_pos_mean,b_pos_sd_location,min_abs_H_eig_min,n_unres_total,bound_slack_mean
low_height_first_10000,primary,128,0.1,1.0,0.0,0.0,0.0,0.0,0.9888727831998357,6.0989955956689976e-05,0.7094905686419142,0,0.011127216800164243
low_height_first_10000,primary,128,0.15,1.0,0.0,0.0,0.0,0.0,0.9723992909595514,0.00014875233551798228,0.5642358529628715,0,0.027600709040448645
low_height_first_10000,primary,128,0.2,1.0,0.0,0.0,0.0,0.0,0.9461048252206647,0.00028257668563779446,0.41898113728382846,0,0.053895174779335246
low_height_first_10000,primary,128,0.25,1.0,0.0,0.0,0.0,0.0,0.9080412224691544,0.00046266973349573347,0.27372642160478566,0,0.09195877753084558
low_height_first_10000,primary,128,0.3,1.0,0.0,0.0,0.0,0.0,0.8565986312444537,0.0006804589549462961,0.12847170592574286,0,0.14340136875554638
low_height_first_10000,primary,128,0.35,0.9990234375,0.0026684767619686417,0.0009765625,0.0026684767619686452,0.0,0.7909740208718765,0.0009155982287330814,0.00011904195558498643,0,0.20804941662812348
low_height_first_10000,primary,128,0.4,0.8857421875,0.013342383809843239,0.1142578125,0.013342383809843225,0.0,0.7117011871206164,0.0011358673486818662,0.00017155629026599506,0,0.17404100037938358
low_height_first_10000,primary,128,0.45,0.82470703125,0.0124244952687138,0.17529296875,0.012424495268713804,0.0,0.6210657938312879,0.0013023001993647922,0.0007980064631755157,0,0.20364123741871212
low_height_first_10000,primary,128,0.5,0.77392578125,0.008301738609007868,0.22607421875,0.00830173860900785,0.0,0.5231673620359297,0.0013798282430294714,0.0004995045497092621,0,0.2507584192140703
low_height_first_10000,primary,128,0.55,0.74609375,0.00806871530459878,0.25390625,0.008068715304598786,0.0,0.4234558451726654,0.0013497851713224287,0.0005907376460181357,0,0.3226379048273346
low_height_first_10000,primary,128,0.6,0.72021484375,0.008178285805959484,0.27978515625,0.00817828580595948,0.0,0.3277919536079682,0.0012176983020120453,0.0010416741591475764,0,0.3924228901420318
low_height_first_10000,primary,128,0.65,0.69384765625,0.008661546025813845,0.30615234375,0.008661546025813845,0.0,0.24134228853204734,0.0010114606287018122,0.0023443566909508995,0,0.4525053677179527
low_height_first_10000,primary,128,0.7,0.6708984375,0.008498525454208714,0.3291015625,0.008498525454208712,0.0,0.16772325379648537,0.0007708818814721678,0.0011048640316608793,0,0.5031751837035147
low_height_first_10000,primary,128,0.75,0.65234375,0.005705443307345476,0.34765625,0.005705443307345488,0.0,0.10866245505290897,0.0005347293520553505,0.0010515412794840362,0,0.543681294947091
low_height_first_10000,primary,128,0.8,0.63525390625,0.007925613434131881,0.36474609375,0.007925613434131866,0.0,0.06417350060117898,0.0003314951811141844,0.00040393869293642304,0,0.571080405648821
low_height_first_10000,primary,128,0.85,0.62255859375,0.006196877101193112,0.37744140625,0.006196877101193122,0.0,0.033039551077968465,0.00017632290983257267,0.000622728093117253,0,0.5895190426720316
low_height_first_10000,primary,128,0.9,0.6064453125,0.008005430285905937,0.3935546875,0.00800543028590593,0.0,0.01336450023725794,7.27674734647043e-05,0.00013955078049932013,0,0.593080812262742
low_height_first_10000,primary,128,0.95,0.5947265625,0.00691454064966238,0.4052734375,0.006914540649662371,0.0,0.003030093152997791,1.6670394568834614e-05,0.0001814573335409131,0,0.5916964693470022
low_height_first_10000,primary,256,0.1,1.0,0.0,0.0,0.0,0.0,0.9888033806830407,5.790750459436355e-05,0.7018419306030488,0,0.011196619316959262
low_height_first_10000,primary,256,0.15,1.0,0.0,0.0,0.0,0.0,0.9722300243032789,0.00014122129517240537,0.5527628959045732,0,0.027769975696721162
low_height_first_10000,primary,256,0.2,1.0,0.0,0.0,0.0,0.0,0.945783289575821,0.00026823082681348047,0.40368386120609756,0,0.054216710424178964
low_height_first_10000,primary,256,0.25,1.0,0.0,0.0,0.0,0.0,0.9075147903269379,0.0004390872303014376,0.25460482650762195,0,0.09248520967306204
low_height_first_10000,primary,256,0.3,1.0,0.0,0.0,0.0,0.0,0.8558244473378005,0.0006455896239319264,0.10552579180914634,0,0.14417555266219947
low_height_first_10000,primary,256,0.35,0.998779296875,0.0030984385505965534,0.001220703125,0.0030984385505965603,0.0,0.7899323993956121,0.0008683606143411723,0.0001190419500936013,0,0.20884689747938792
low_height_first_10000,primary,256,0.4,0.8837890625,0.009515013492940145,0.1162109375,0.009515013492940165,0.0,0.7104091128266196,0.0010767885852605318,0.00017155629024645513,0,0.17337994967338044
low_height_first_10000,primary,256,0.45,0.8232421875,0.007747122281585146,0.1767578125,0.007747122281585167,0.0,0.6195845750680204,0.0012339408698931336,0.0006902868097785619,0,0.20365761243197958
low_height_first_10000,primary,256,0.5,0.777587890625,0.006129826104091879,0.222412109375,0.006129826104091876,0.0,0.5215981668316411,0.0013066867427285339,0.0005006031272392075,0,0.25598972379335894
low_height_first_10000,primary,256,0.55,0.74365234375,0.005313074417474791,0.25634765625,0.005313074417474779,0.0,0.4219210191646986,0.0012775277891147849,0.0004186785346266264,0,0.3217313245853014
low_height_first_10000,primary,256,0.6,0.718017578125,0.0045596162226284225,0.281982421875,0.00455961622262842,0.0,0.32640749859437,0.001151900118052488,0.001410259675126646,0,0.39161007953063
low_height_first_10000,primary,256,0.65,0.691650390625,0.004615054322512315,0.308349609375,0.004615054322512303,0.0,0.24019244720480126,0.0009563482506411738,0.00019797023420209392,0,0.45145794342019874
low_height_first_10000,primary,256,0.7,0.670166015625,0.004271647057896934,0.329833984375,0.004271647057896937,0.0,0.16684699203971634,0.000728581287442416,0.0011030876492331698,0,0.5033190235852837
low_height_first_10000,primary,256,0.75,0.652587890625,0.005234715085345064,0.347412109375,0.005234715085345093,0.0,0.10805467629254292,0.0005052222139600583,0.0002247417927672135,0,0.544533214332457
low_height_first_10000,primary,256,0.8,0.63671875,0.004941058844013106,0.36328125,0.004941058844013099,0.0,0.06379674245562958,0.00031312586732650275,0.000403858991542716,0,0.5729220075443704
low_height_first_10000,primary,256,0.85,0.622314453125,0.004211691143134353,0.377685546875,0.004211691143134338,0.0,0.032839161142314145,0.00016652362623976007,0.0006227645318561681,0,0.5894752919826859
low_height_first_10000,primary,256,0.9,0.606689453125,0.004211691143134344,0.393310546875,0.004211691143134346,0.0,0.013281802638434195,6.871590679698011e-05,2.515761678756334e-06,0,0.5934076504865657
low_height_first_10000,primary,256,0.95,0.59619140625,0.004249262727104355,0.40380859375,0.004249262727104352,0.0,0.00301114811817088,1.574131887306604e-05,0.00018131383591601935,0,0.5931802581318291
low_height_first_10000,primary,512,0.1,1.0,0.0,0.0,0.0,0.0,0.9887911477482372,5.56492429806755e-05,0.7018358837859837,0,0.011208852251762776
low_height_first_10000,primary,512,0.15,1.0,0.0,0.0,0.0,0.0,0.9722001922376969,0.00013572379165607555,0.5527538256789755,0,0.027799807762303043
low_height_first_10000,primary,512,0.2,1.0,0.0,0.0,0.0,0.0,0.9457266302368943,0.0002578187893071185,0.4036717675719673,0,0.05427336976310569
low_height_first_10000,primary,512,0.25,1.0,0.0,0.0,0.0,0.0,0.9074220467126469,0.00042211342110657805,0.2545897094649592,0,0.09257795328735302
low_height_first_10000,primary,512,0.3,1.0,0.0,0.0,0.0,0.0,0.8556880991456606,0.0006207729826119227,0.10550765135795104,0,0.14431190085433943
low_height_first_10000,primary,512,0.35,0.9986572265625,0.0015492192752982882,0.0013427734375,0.0015492192752982802,0.0,0.7897490240821292,0.0008352206429162429,0.0001190419500916029,0,0.20890820248037076
low_height_first_10000,primary,512,0.4,0.8822021484375,0.0074362097724326335,0.1177978515625,0.00743620977243262,0.0,0.7101817563213778,0.0010360536482649603,0.00014216598432081895,0,0.17202039211612222
low_height_first_10000,primary,512,0.45,0.8232421875,0.005240784322265133,0.1767578125,0.005240784322265138,0.0,0.6193240814136481,0.0011877316113153996,7.899777248143725e-05,0,0.2039181060863518
low_height_first_10000,primary,512,0.5,0.7769775390625,0.005153622969515155,0.2230224609375,0.005153622969515138,0.0,0.5213223677712961,0.0012582914720836323,0.0005006031270005096,0,0.2556551712912039
low_height_first_10000,primary,512,0.55,0.7442626953125,0.004125904330913619,0.2557373046875,0.004125904330913599,0.0,0.421651427083569,0.0012307481688264453,0.0004186784155137957,0,0.322611268228931
low_height_first_10000,primary,512,0.6,0.717041015625,0.004026470337517215,0.282958984375,0.004026470337517253,0.0,0.3261644634506576,0.0011101838504431662,1.728963645741821e-05,0,0.3908765521743424
low_height_first_10000,primary,512,0.65,0.6917724609375,0.0029593764780773773,0.3082275390625,0.0029593764780773187,0.0,0.23999070602725064,0.0009220613141711995,3.0111865749749e-06,0,0.45178175491024936
low_height_first_10000,primary,512,0.7,0.669677734375,0.00284155635973895,0.330322265625,0.0028415563597389607,0.0,0.1666933213383255,0.0007026855291007273,0.00016103319039428854,0,0.5029844130366745
low_height_first_10000,primary,512,0.75,0.6529541015625,0.0026415368787328633,0.3470458984375,0.002641536878732862,0.0,0.10794812900018472,0.0004873905380731373,0.00020638530066396932,0,0.5450059725623153
low_height_first_10000,primary,512,0.8,0.636962890625,0.0027506028872757407,0.363037109375,0.0027506028872757264,0.0,0.06373071286686448,0.0003021326598608107,0.00040385898930539454,0,0.5732321777581355
low_height_first_10000,primary,512,0.85,0.6231689453125,0.003226599544531124,0.3768310546875,0.0032265995445310875,0.0,0.032804048209823175,0.00016069908451257496,0.00015401673722814646,0,0.5903648971026768
low_height_first_10000,primary,512,0.9,0.607177734375,0.002656537208737366,0.392822265625,0.0026565372087373985,0.0,0.013267313902469526,6.631808621131903e-05,3.036391771327196e-05,0,0.5939104204725305
low_height_first_10000,primary,512,0.95,0.5965576171875,0.0036343347785016407,0.4034423828125,0.0036343347785016394,0.0,0.0030078291365983685,1.5192713057044057e-05,9.688390934348146e-05,0,0.5935497880509016
near_1e12,secondary_control,128,0.1,1.0,0.0,0.0,0.0,0.0,0.9884379255321505,0.00021833185044352883,0.6612992402203609,0,0.01156207446784955
near_1e12,secondary_control,128,0.15,1.0,0.0,0.0,0.0,0.0,0.971339449117095,0.0005318067783442113,0.4919488603305414,0,0.028660550882905027
near_1e12,secondary_control,128,0.2,1.0,0.0,0.0,0.0,0.0,0.9440938022722376,0.0010081379854764343,0.3225984804407218,0,0.05590619772776244
near_1e12,secondary_control,128,0.25,1.0,0.0,0.0,0.0,0.0,0.9047539591090707,0.0016456803088402963,0.15324810055090232,0,0.09524604089092928
near_1e12,secondary_control,128,0.3,0.9990234375,0.003906250000000007,0.0009765625,0.0039062499999999996,0.0,0.8517747255925995,0.002410528090685458,0.01186554646711624,0,0.14724871190740052
near_1e12,secondary_control,128,0.35,0.96826171875,0.013522246691987183,0.03173828125,0.013522246691987184,0.0,0.7845014982663032,0.003226811485952022,5.232725779569236e-06,0,0.18376022048369672
near_1e12,secondary_control,128,0.4,0.8837890625,0.010236064586996644,0.1162109375,0.01023606458699664,0.0,0.7036987988751505,0.003978336931528139,7.054569729547655e-05,0,0.18009026362484948
near_1e12,secondary_control,128,0.45,0.822265625,0.012270019780614302,0.177734375,0.012270019780614322,0.0,0.6119262572049772,0.004529199728727535,0.0012496864019513332,0,0.2103393677950228
near_1e12,secondary_control,128,0.5,0.783203125,0.00781250000000002,0.216796875,0.007812499999999994,0.0,0.5135238395519472,0.004762630238481656,0.0006985945113946457,0,0.26967928544805275
near_1e12,secondary_control,128,0.55,0.75,0.007547592055307007,0.25,0.007547592055307002,0.0,0.41406183129218044,0.004623370383626774,0.00042896289899552187,0,0.33593816870781956
near_1e12,secondary_control,128,0.6,0.7177734375,0.00983051358759213,0.2822265625,0.009830513587592125,0.0,0.3193510860763568,0.004140580704321427,0.0007308932828375969,0,0.3984223514236432
near_1e12,secondary_control,128,0.65,0.69091796875,0.00900699146120899,0.30908203125,0.009006991461208988,0.0,0.23435620463458928,0.003416806945082023,0.00023775565741090965,0,0.4565617641154107
near_1e12,secondary_control,128,0.7,0.67041015625,0.010756973725168172,0.32958984375,0.010756973725168168,0.0,0.1624150362661693,0.002589671285468945,0.0009141515190734806,0,0.5079951199838307
near_1e12,secondary_control,128,0.75,0.6552734375,0.008498525454208677,0.3447265625,0.008498525454208724,0.0,0.10498931751970274,0.0017883884486468654,0.00010597286204627743,0,0.5502841199802972
near_1e12,secondary_control,128,0.8,0.6396484375,0.00940749576468148,0.3603515625,0.00940749576468149,0.0,0.06190056975810927,0.0011049860120090549,0.0016019082223621695,0,0.5777478677418907
near_1e12,secondary_control,128,0.85,0.6259765625,0.00940749576468148,0.3740234375,0.009407495764681492,0.0,0.03183211738308844,0.0005863773809058254,0.0012388621930781163,0,0.5941444451169116
near_1e12,secondary_control,128,0.9,0.61376953125,0.010661987549965765,0.38623046875,0.010661987549965769,0.0,0.012866600370755337,0.00024163944257517186,0.0016302759627115915,0,0.6009029308792446
near_1e12,secondary_control,128,0.95,0.60498046875,0.008052940675034486,0.39501953125,0.008052940675034495,0.0,0.002916076834765096,5.531483820467083e-05,0.00016078076037617794,0,0.6020643919152349
near_1e12,secondary_control,256,0.1,1.0,0.0,0.0,0.0,0.0,0.9884824469159451,0.00015470614893174013,0.6612992402203604,0,0.011517553084054881
near_1e12,secondary_control,256,0.15,1.0,0.0,0.0,0.0,0.0,0.9714478282347835,0.0003768690327344029,0.4919488603305405,0,0.028552171765216502
near_1e12,secondary_control,256,0.2,1.0,0.0,0.0,0.0,0.0,0.9442990588752852,0.0007145453779609147,0.3225984804407206,0,0.055700941124714805
near_1e12,secondary_control,256,0.25,1.0,0.0,0.0,0.0,0.0,0.9050885566598345,0.0011667037938185632,0.15324810055090077,0,0.09491144334016555
near_1e12,secondary_control,256,0.3,0.99951171875,0.0019531250000000043,0.00048828125,0.0019531249999999998,0.0,0.8522639175109047,0.0017094967429392646,0.011865546467117571,0,0.1472478012390953
near_1e12,secondary_control,256,0.35,0.9716796875,0.008131507810414563,0.0283203125,0.00813150781041458,0.0,0.7851547911942631,0.0022893237468460128,5.232807106070325e-06,0,0.18652489630573688
near_1e12,secondary_control,256,0.4,0.885009765625,0.006685472032367864,0.114990234375,0.006685472032367866,0.0,0.7045019360157984,0.002823880465072797,9.461145092592993e-06,0,0.1805078296092016
near_1e12,secondary_control,256,0.45,0.822265625,0.007411588266019636,0.177734375,0.007411588266019639,0.0,0.6128376099130743,0.0032166456346387935,0.0001297913791857841,0,0.20942801508692563
near_1e12,secondary_control,256,0.5,0.781982421875,0.004777510366915971,0.218017578125,0.004777510366915972,0.0,0.5144787809988717,0.003384382491589887,0.00012332153100225174,0,0.2675036408761283
near_1e12,secondary_control,256,0.55,0.7490234375,0.006914540649662354,0.2509765625,0.006914540649662375,0.0,0.4149855232493287,0.003287315125415778,0.00042893184157444253,0,0.3340379142506713
near_1e12,secondary_control,256,0.6,0.7158203125,0.006135009890307154,0.2841796875,0.006135009890307166,0.0,0.3201754780487682,0.0029456342342185633,0.0001966369965258341,0,0.3956448344512318
near_1e12,secondary_control,256,0.65,0.690185546875,0.0064924883353885635,0.309814453125,0.006492488335388527,0.0,0.23503438118947245,0.0024319024800551954,1.6579380624159867e-05,0,0.45515116568552755
near_1e12,secondary_control,256,0.7,0.671630859375,0.006608954810815894,0.328369140625,0.006608954810815882,0.0,0.16292768332450253,0.0018439306033282104,0.000514956491264984,0,0.5087031760504974
near_1e12,secondary_control,256,0.75,0.65380859375,0.005683112719477894,0.34619140625,0.005683112719477913,0.0,0.1053425943434435,0.0012737950643148357,0.00010597317011340479,0,0.5484659994065565
near_1e12,secondary_control,256,0.8,0.639404296875,0.005832185178114901,0.360595703125,0.005832185178114871,0.0,0.062118499824672734,0.0007872218009500028,0.0016019033292380414,0,0.5772857970503272
near_1e12,secondary_control,256,0.85,0.625,0.008317041365974597,0.375,0.008317041365974644,0.0,0.03194763624979723,0.00041781956866946915,0.0007833489157311746,0,0.5930523637502028
near_1e12,secondary_control,256,0.9,0.6142578125,0.0078773351365907,0.3857421875,0.007877335136590726,0.0,0.012914170831983603,0.00017219643747719317,0.0008841331165818644,0,0.6013436416680165
near_1e12,secondary_control,256,0.95,0.601806640625,0.006608954810815871,0.398193359375,0.0066089548108158765,0.0,0.002926962385289532,3.942043595325874e-05,0.00016185610419305885,0,0.5988796782397104
near_1e12,secondary_control,512,0.1,1.0,0.0,0.0,0.0,0.0,0.9884791142595425,0.00010732758655487474,0.661299240220359,0,0.011520885740457489
near_1e12,secondary_control,512,0.15,1.0,0.0,0.0,0.0,0.0,0.9714396665026948,0.00026144691615540694,0.49194886033053853,0,0.028560333497305294
near_1e12,secondary_control,512,0.2,1.0,0.0,0.0,0.0,0.0,0.9442834534243463,0.0004956848413658403,0.3225984804407179,0,0.0557165465756537
near_1e12,secondary_control,512,0.25,1.0,0.0,0.0,0.0,0.0,0.9050627678249538,0.0008093030260432688,0.15324810055089744,0,0.09493723217504621
near_1e12,secondary_control,512,0.3,0.999755859375,0.0009765625000000059,0.000244140625,0.0009765624999999999,0.0,0.8522255220351568,0.001185725383125525,0.011865546467114907,0,0.14753033733984317
near_1e12,secondary_control,512,0.35,0.9732666015625,0.004769185721513582,0.0267333984375,0.004769185721513585,0.0,0.785102337095601,0.0015877343443624456,5.232807106736459e-06,0,0.1881642644668991
near_1e12,secondary_control,512,0.4,0.88525390625,0.0038735611407925874,0.11474609375,0.0038735611407925844,0.0,0.7044356986243203,0.001958217616854703,7.054569729403326e-05,0,0.18081820762567963
near_1e12,secondary_control,512,0.45,0.8214111328125,0.005429956809118575,0.1785888671875,0.005429956809118579,0.0,0.6127601722223239,0.0022302423731381184,1.6899094035238704e-05,0,0.20865096059017607
near_1e12,secondary_control,512,0.5,0.781005859375,0.005330993774982887,0.218994140625,0.005330993774982881,0.0,0.5143950613469952,0.0023461463902221687,0.00012300416313293372,0,0.2666107980280048
near_1e12,secondary_control,512,0.55,0.7462158203125,0.0052634816321140065,0.2537841796875,0.005263481632114014,0.0,0.4149020001816154,0.0022784540846345395,9.036737438750109e-05,0,0.3313138201308846
near_1e12,secondary_control,512,0.6,0.7154541015625,0.004141285201887505,0.2845458984375,0.004141285201887499,0.0,0.32009875391143744,0.002041277848233441,0.00022994534487863483,0,0.39535534765106256
near_1e12,secondary_control,512,0.65,0.6912841796875,0.0035278109117555323,0.3087158203125,0.003527810911755549,0.0,0.23496964252775276,0.0016849981804234243,1.657936111920666e-05,0,0.45631453715974724
near_1e12,secondary_control,512,0.7,0.6727294921875,0.005748461973734925,0.3272705078125,0.005748461973734935,0.0,0.16287770069302376,0.0012774296680499282,0.0004943097126364204,0,0.5098517914944762
near_1e12,secondary_control,512,0.75,0.655517578125,0.004446667009512799,0.344482421875,0.004446667009512815,0.0,0.1053075717683485,0.0008823530031978549,0.00010597313227367344,0,0.5502100063566515
near_1e12,secondary_control,512,0.8,0.6402587890625,0.005347367101691056,0.3597412109375,0.0053473671016910276,0.0,0.06209662609783008,0.000545258041192726,0.0004126001651829636,0,0.5781621629646699
near_1e12,secondary_control,512,0.85,0.6263427734375,0.005557261311079629,0.3736572265625,0.005557261311079635,0.0,0.03193594176901003,0.0002893790107789678,2.687489036046209e-05,0,0.59440683166849
near_1e12,secondary_control,512,0.9,0.613525390625,0.005330993774982864,0.386474609375,0.005330993774982863,0.0,0.01290932908493168,0.00011925742626164709,5.69319409574609e-05,0,0.6006160615400683
near_1e12,secondary_control,512,0.95,0.6005859375,0.0037057941330098233,0.3994140625,0.0037057941330098177,0.0,0.0029258513248183304,2.7300697524421946e-05,0.00016185610425889507,0,0.5976600861751817
near_1e21,secondary_control,128,0.1,1.0,0.0,0.0,0.0,0.0,0.9885317937818769,0.00027014576687146456,0.6658158574042454,0,0.011468206218123056
near_1e21,secondary_control,128,0.15,1.0,0.0,0.0,0.0,0.0,0.9715682283897684,0.0006578973533449555,0.49872378610636825,0,0.028431771610231638
near_1e21,secondary_control,128,0.2,1.0,0.0,0.0,0.0,0.0,0.9445279106151143,0.0012468163732897912,0.33163171480849085,0,0.05547208938488569
near_1e21,secondary_control,128,0.25,1.0,0.0,0.0,0.0,0.0,0.9054635720758608,0.0020344805527620483,0.16453964351061368,0,0.09453642792413922
near_1e21,secondary_control,128,0.3,0.99951171875,0.001953125000000023,0.00048828125,0.001953125,0.0,0.8528160598227124,0.0029784330689789033,0.0025524277872635004,0,0.14669565892728761
near_1e21,secondary_control,128,0.35,0.9677734375,0.01422790456213306,0.0322265625,0.014227904562133058,0.0,0.7858987166522678,0.003984356893547305,0.000240915807644293,0,0.1818747208477322
near_1e21,secondary_control,128,0.4,0.88623046875,0.014254690725592465,0.11376953125,0.01425469072559246,0.0,0.7054262297348627,0.004908431192819612,0.0009180753468018832,0,0.18080423901513737
near_1e21,secondary_control,128,0.45,0.82421875,0.011048543456039806,0.17578125,0.011048543456039808,0.0,0.6138990550631315,0.00558316432248114,0.00022021129574889553,0,0.2103196949368685
near_1e21,secondary_control,128,0.5,0.7841796875,0.0069145406496623684,0.2158203125,0.006914540649662372,0.0,0.5156052426154786,0.005865502581330363,0.002382586640562012,0,0.2685744448845214
near_1e21,secondary_control,128,0.55,0.7490234375,0.011718750000000003,0.2509765625,0.011718750000000002,0.0,0.4160891367775903,0.0056888145088557955,0.0007604801605807232,0,0.3329343007224097
near_1e21,secondary_control,128,0.6,0.72021484375,0.008661546025813855,0.27978515625,0.008661546025813848,0.0,0.3211724302263979,0.005090457445875284,6.347845907561656e-05,0,0.3990424135236021
near_1e21,secondary_control,128,0.65,0.69189453125,0.013370944064735725,0.30810546875,0.013370944064735726,0.0,0.23586340637685388,0.004197526537924689,0.00037822547987387267,0,0.4560311248731461
near_1e21,secondary_control,128,0.7,0.673828125,0.010862840424278241,0.326171875,0.010862840424278243,0.0,0.16356007833676398,0.0031794350951390247,0.0007126014172209594,0,0.510268046663236
near_1e21,secondary_control,128,0.75,0.65380859375,0.010173762945634135,0.34619140625,0.010173762945634143,0.0,0.10578155068599095,0.002194608079353716,0.00011882222226411443,0,0.5480270430640091
near_1e21,secondary_control,128,0.8,0.63720703125,0.007530725906729797,0.36279296875,0.007530725906729815,0.0,0.062390750659283435,0.0013554895768637955,0.002851566679840767,0,0.5748162805907165
near_1e21,secondary_control,128,0.85,0.625,0.008068715304598784,0.375,0.008068715304598784,0.0,0.03209249286523401,0.0007191325786785003,0.0014347540998759234,0,0.592907507134766
near_1e21,secondary_control,128,0.9,0.61376953125,0.012092562253259581,0.38623046875,0.012092562253259566,0.0,0.012973963985925116,0.00029630031223124085,0.00037960754389065876,0,0.6007955672640749
near_1e21,secondary_control,128,0.95,0.60302734375,0.009971782290909238,0.39697265625,0.009971782290909259,0.0,0.002940661854445803,6.782201098002128e-05,0.0011122143481280267,0,0.6000866818955541
near_1e21,secondary_control,256,0.1,1.0,0.0,0.0,0.0,0.0,0.9884282154292016,0.00021941954398485553,0.6546790171640287,0,0.011571784570798486
near_1e21,secondary_control,256,0.15,1.0,0.0,0.0,0.0,0.0,0.9713157975143825,0.0005344415179103065,0.482018525746043,0,0.028684202485617552
near_1e21,secondary_control,256,0.2,1.0,0.0,0.0,0.0,0.0,0.9440489662936641,0.0010130884197599456,0.3093580343280573,0,0.05595103370633589
near_1e21,secondary_control,256,0.25,1.0,0.0,0.0,0.0,0.0,0.9046807690429752,0.0016536572173042172,0.13669754291007163,0,0.0953192309570248
near_1e21,secondary_control,256,0.3,0.999267578125,0.002124631363552192,0.000732421875,0.0021246313635521767,0.0,0.8516675196333559,0.002422006957603331,0.0025524277872643886,0,0.14760005849164415
near_1e21,secondary_control,256,0.35,0.966552734375,0.010381001770248682,0.033447265625,0.01038100177024868,0.0,0.7843579888076216,0.003241828519842984,4.346984058534176e-05,0,0.18219474556737836
near_1e21,secondary_control,256,0.4,0.885498046875,0.009101786030874543,0.114501953125,0.00910178603087454,0.0,0.7035218658458225,0.003996335081476658,0.0006721938417337814,0,0.18197618102917745
near_1e21,secondary_control,256,0.45,0.824951171875,0.007969611626212186,0.175048828125,0.007969611626212174,0.0,0.6117248247098037,0.00454902303642252,0.0001367288158592439,0,0.21322634716519623
near_1e21,secondary_control,256,0.5,0.781982421875,0.00608819692226876,0.218017578125,0.00608819692226877,0.0,0.5133120249228038,0.004782724226493123,0.0003661165434658553,0,0.26867039695219624
near_1e21,secondary_control,256,0.55,0.74609375,0.008068715304598774,0.25390625,0.008068715304598786,0.0,0.41385620952579094,0.004642141140599145,0.0007231896925141701,0,0.33223754047420906
near_1e21,secondary_control,256,0.6,0.718017578125,0.007840931339089948,0.281982421875,0.00784093133908995,0.0,0.3191669354709604,0.004156765115264575,0.00045492488228482397,0,0.3988506426540396
near_1e21,secondary_control,256,0.65,0.694580078125,0.008932566884122571,0.305419921875,0.008932566884122558,0.0,0.23420424302611034,0.00342969944910909,0.0003214971523091137,0,0.46037583509888963
near_1e21,secondary_control,256,0.7,0.67333984375,0.007255537351955744,0.32666015625,0.0072555373519557565,0.0,0.16229986091887263,0.002599146394752022,0.000752529014989678,0,0.5110399828311274
near_1e21,secondary_control,256,0.75,0.65380859375,0.00830173860900785,0.34619140625,0.00830173860900786,0.0,0.10490977891068777,0.0017947686968072247,0.00011882220378423014,0,0.5488988148393122
near_1e21,secondary_control,256,0.8,0.6396484375,0.007614683081882015,0.3603515625,0.007614683081881998,0.0,0.06185142537338109,0.0011088526329248265,0.0007901095986480033,0,0.5777970121266189
near_1e21,secondary_control,256,0.85,0.626953125,0.006378879538497881,0.373046875,0.00637887953849786,0.0,0.03180603813626487,0.000588401322556189,0.0014030266440143713,0,0.5951470868637352
near_1e21,secondary_control,256,0.9,0.61474609375,0.007664615964979919,0.38525390625,0.007664615964979925,0.0,0.012855853398665218,0.00024246622909254788,0.00014424193013140574,0,0.6018902403513348
near_1e21,secondary_control,256,0.95,0.60302734375,0.0058593749999999905,0.39697265625,0.005859374999999997,0.0,0.002913616692699332,5.5503230655296655e-05,9.347145506555243e-05,0,0.6001137270573007
near_1e21,secondary_control,512,0.1,1.0,0.0,0.0,0.0,0.0,0.9884299486557938,0.00014771356493358407,0.6546790171640167,0,0.01157005134420621
near_1e21,secondary_control,512,0.15,1.0,0.0,0.0,0.0,0.0,0.9713199295719364,0.0003598406973538353,0.4820185257460251,0,0.028680070428063635
near_1e21,secondary_control,512,0.2,1.0,0.0,0.0,0.0,0.0,0.9440565285562688,0.0006822773705997736,0.3093580343280333,0,0.05594347144373125
near_1e21,secondary_control,512,0.25,1.0,0.0,0.0,0.0,0.0,0.9046924757093332,0.0011140595643344775,0.13669754291004177,0,0.09530752429066681
near_1e21,secondary_control,512,0.3,0.999267578125,0.0015746597164645907,0.000732421875,0.0015746597164645604,0.0,0.8516834097280637,0.001632446858135236,0.002552427787261502,0,0.1475841683969363
near_1e21,secondary_control,512,0.35,0.9700927734375,0.005557261311079612,0.0299072265625,0.005557261311079621,0.0,0.784377124824508,0.0021862915526707424,4.3469840586674025e-05,0,0.18571564861299195
near_1e21,secondary_control,512,0.4,0.8843994140625,0.00745328980589539,0.1156005859375,0.007453289805895384,0.0,0.7035423012881994,0.002697023160924153,0.00011348264113664186,0,0.18085711277430055
near_1e21,secondary_control,512,0.45,0.8248291015625,0.004661317393411676,0.1751708984375,0.004661317393411716,0.0,0.6117440136632587,0.003072458286540193,3.875110163664708e-05,0,0.21308508789924133
near_1e21,secondary_control,512,0.5,0.78125,0.0036365208447314713,0.21875,0.0036365208447314916,0.0,0.5133276151497166,0.003233046800359691,0.0003661006410176082,0,0.26792238485028347
near_1e21,secondary_control,512,0.55,0.7449951171875,0.005704050206773534,0.2550048828125,0.005704050206773535,0.0,0.41386685076093527,0.003140700221653506,0.00023608667046803866,0,0.33112826642656473
near_1e21,secondary_control,512,0.6,0.7166748046875,0.004423371797426541,0.2833251953125,0.004423371797426506,0.0,0.3191726408948083,0.002814596851266912,0.0001331906601207411,0,0.3975021637926917
near_1e21,secondary_control,512,0.65,0.69384765625,0.005592898852842336,0.30615234375,0.005592898852842331,0.0,0.2342061237629072,0.0023239790243783265,4.986850451227376e-05,0,0.45964153248709283
near_1e21,secondary_control,512,0.7,0.6739501953125,0.004861607601908518,0.3260498046875,0.004861607601908528,0.0,0.16229947534480174,0.0017622728483243138,0.0006589239146101988,0,0.5116507199676983
near_1e21,secondary_control,512,0.75,0.6546630859375,0.0054881885742471955,0.3453369140625,0.005488188574247185,0.0,0.104908515595899,0.0012174831810073492,9.970638966994017e-05,0,0.549754570341601
near_1e21,secondary_control,512,0.8,0.6392822265625,0.004550893015437274,0.3607177734375,0.00455089301543727,0.0,0.061850183038150874,0.0007524665049871298,0.00027963880426118415,0,0.5774320435243492
near_1e21,secondary_control,512,0.85,0.62646484375,0.005501205774551476,0.37353515625,0.0055012057745514676,0.0,0.03180520799741787,0.00039939046960263554,0.0003001161784222939,0,0.5946596357525821
near_1e21,secondary_control,512,0.9,0.6134033203125,0.006437169335030073,0.3865966796875,0.006437169335030098,0.0,0.0128554669155643,0.00016460578381290367,0.00014424116773403828,0,0.6005478533969357
near_1e21,secondary_control,512,0.95,0.6009521484375,0.005648044430047365,0.3990478515625,0.005648044430047367,0.0,0.002913522890900403,3.76832790531472e-05,0.00016368794354870708,0,0.5980386255465996
