source,index,point_count,span,mean_spacing,mu1,mu2,mu3,mu4_raw,mu4_gt2,q4_per_core,pair_part_per_core,three_index_part_per_core,reconstruction_relative_error,window_start
D0_first_10000,0,512,511.033059274314,1.0000646952530607,1.0,1.285149357426745,1.8383959373809031,2.820138832126277,0.028321470982873756,0.00252317229127208,1.791817361143403,0.025798298691601676,0.0,0
D0_first_10000,1,512,511.32439129254453,1.000634816619461,1.0,1.3018234192290854,1.8905982678092002,2.9581212170915983,0.04605446910655902,0.005050313433784051,1.9120667479850393,0.04100415567277497,1.5012542666750069e-16,633
D0_first_10000,2,512,510.34352651560494,0.9987153160775047,1.0,1.2960473925926665,1.8640951401595864,2.8621950129492797,0.005320930301702997,0.00017083094016637906,1.8568740826475767,0.005150099361536618,0.0,1265
D0_first_10000,3,512,510.894441686464,0.9997934279578552,1.0,1.3068400267151585,1.9216868965932208,3.065543918875517,0.1247968018329465,0.011627520685308701,1.9407471170425703,0.1131692811476378,0.0,1898
D0_first_10000,4,512,511.5742439430496,1.0011237650548916,1.0,1.295726114221486,1.867454560854723,2.8721726397073075,0.024148849237246778,0.0007442643292435228,1.8480237904700612,0.023404584908003255,0.0,2530
D0_first_10000,5,512,510.9883420080405,0.9999771859257153,1.0,1.2835946720748306,1.8327147930769994,2.813411774624932,0.027952217676720792,0.005339333719794809,1.7854595569482112,0.022612883956925983,0.0,3163
D0_first_10000,6,512,511.2602226294571,1.0005092419363153,1.0,1.2938491179290872,1.8630718259442793,2.8839662767049736,0.03347838668855452,0.004092419029491048,1.8504878900164194,0.02938596765906347,0.0,3795
D0_first_10000,7,512,510.2305068978121,0.9984941426571666,1.0,1.3067058768966067,1.914137464031097,3.0219874580196153,0.08694433739336409,0.006585451083675656,1.9350431206262513,0.08035888630968843,1.4695269785834434e-16,4428
D0_first_10000,8,512,510.77735436764306,0.9995642942615324,1.0,1.314038287101293,1.930795456312457,3.0493987341993005,0.06333303816848967,0.005114060052512512,1.9860656960308103,0.05821897811597716,0.0,5060
D0_first_10000,9,512,510.8927614169088,0.999790139759117,1.0,1.2785659706177832,1.8161183778685088,2.7668579735642593,0.018233229271285234,0.0010173995627266452,1.748624744292974,0.01721582970855859,0.0,5693
D0_first_10000,10,512,511.10153216317667,1.0001986930786235,1.0,1.296699419204077,1.8787525515415728,2.9316473122321507,0.0622163255929761,0.005607409728881282,1.869430986639175,0.05660891586409482,0.0,6325
D0_first_10000,11,512,511.29494881809387,1.0005771992526298,1.0,1.3051351612192288,1.8916850697469378,2.9227434972628594,0.011160317187813226,-0.003951604611978243,1.9115831800750462,0.01511192179979147,0.0,6958
D0_first_10000,12,512,510.6842665717586,0.9993821263635198,1.0,1.3007712317710447,1.8977606724206955,2.9883288109865944,0.08619586923317107,0.0050079432473476085,1.9021329417534234,0.08118792598582347,1.4860788016946734e-16,7590
D0_first_10000,13,512,510.6156077580854,0.9992477646929264,1.0,1.3199260383799065,1.9451583239940915,3.070661435277331,0.0595096272088795,0.005026212458667287,2.0111518080684516,0.05448341475021221,0.0,8223
D0_first_10000,14,512,510.4810314820097,0.9989844060313302,1.0,1.2833622639501423,1.8315700655841884,2.803937481985531,0.03147162240477781,0.0010526002173762705,1.7724658595807528,0.030419022187401543,0.0,8855
D0_first_10000,15,512,511.27914621641503,1.0005462743961155,1.0,1.2752166788250774,1.7950321158692786,2.699260662202951,-0.023711527042093505,0.0022151136695017087,1.7229721892450445,-0.025926640711595214,0.0,9488
D1_near_1e12,0,512,511.2994773197288,1.0005860612910544,1.0,1.3382786535246194,2.0444317135154333,3.436878011159046,0.27788739358015163,0.007202852665567264,2.1589906175788935,0.2706845409145844,0.0,0
D1_near_1e12,1,512,511.6683219928375,1.0013078708274705,1.0,1.3145329005001816,1.9422459671733048,3.1083286072183247,0.11174295510606849,-9.867311863601125e-05,1.9965856521122567,0.1118416282247045,0.0,633
D1_near_1e12,2,512,512.612457453406,1.0031554940379765,1.0,1.355951436173475,2.0609078661760973,3.3614801121884614,0.09877481573205397,-0.006404362565320024,2.2627052964564074,0.105179178297374,0.0,1265
D1_near_1e12,3,512,511.9880675537563,1.0019335959956093,1.0,1.3156413844908754,1.9348112537764082,3.067938938596251,0.07376908208563454,-0.006778354314202789,1.9941698565106163,0.08054743639983733,1.4475164556347317e-16,1898
D1_near_1e12,4,512,511.0977898808387,1.0001913696298215,1.0,1.357189794479677,2.0664804780233084,3.389665961226478,0.11232339690037639,-0.010314497339668507,2.2773425643261014,0.1226378942400449,0.0,2530
D1_near_1e12,5,512,510.9994542858103,0.999998932066165,1.0,1.3592397095666815,2.087903799890326,3.48875285831475,0.18785838881562564,0.002385831321219556,2.300894469499124,0.18547255749440608,0.0,3163
D1_near_1e12,6,512,511.62284555729775,1.001218875845984,1.0,1.3322662098460336,2.0180584503649808,3.3612274318371975,0.246630144245868,-0.0024309058268044137,2.1145972875913297,0.2490610500726724,0.0,3795
D1_near_1e12,7,512,510.2523863274946,0.9985369595449992,1.0,1.365371350897164,2.130814808029534,3.67872531729828,0.33963977742885865,-0.006801787281305274,2.3390855398694215,0.3464415647101639,0.0,4428
D1_near_1e12,8,512,510.62602193075236,0.999268144678576,1.0,1.3444271569406552,2.0429046234761965,3.3778524604527824,0.1883529509924332,0.0053006658249585975,2.189499509460349,0.18305228516747463,0.0,5060
D1_near_1e12,9,512,510.26526006392214,0.9985621527669709,1.0,1.3333124838823256,2.0058900230459358,3.2801293230013173,0.15518381312880608,-0.0016534261432358949,2.124945509872511,0.15683723927204196,0.0,5693
D1_near_1e12,10,512,509.7376883225288,0.9975297227446748,1.0,1.3282446906323,1.9779770130507193,3.1847875009422566,0.09933693569181104,0.006469859282901433,2.085450565250445,0.09286707640890961,0.0,6325
D1_near_1e12,11,512,511.2168120053466,1.000424289638643,1.0,1.3129953701568975,1.9361405822465758,3.0858204473255615,0.10172458000018822,-0.0015218321801706014,1.9840958673253732,0.10324641218035882,0.0,6958
D1_near_1e12,12,512,511.42298215510164,1.0008277537281833,1.0,1.3580833219607085,2.0510772975127054,3.3003731112065413,0.038719855070760784,-0.0052189315890269206,2.2616532561357805,0.043938786659787704,0.0,7590
D1_near_1e12,13,512,510.86412691152145,0.9997341035450518,1.0,1.312313205192876,1.923044139258948,3.0383351970544745,0.06519107573425263,0.00865106452980225,1.9731441213202214,0.05654001120445038,0.0,8223
D1_near_1e12,14,512,510.8898870526282,0.9997845147800943,1.0,1.332871855696826,1.9839541910251604,3.1743124381110173,0.06799933924875035,-0.00370197584192182,2.106313098862268,0.07170131509067217,0.0,8855
D1_near_1e12,15,512,511.28465080947353,1.0005570465938816,1.0,1.3312836513797093,1.9835090647887021,3.1860095852417203,0.08661665406493399,0.006917789233191453,2.0993929311767863,0.07969886483174253,0.0,9488
D2_near_1e21,0,512,511.9969769641612,1.00195103124102,1.0,1.3487914492954391,2.0403311534164077,3.330478428419118,0.1247193698277504,-0.0011190781357277996,2.205759058591367,0.1258384479634782,0.0,0
D2_near_1e21,1,512,510.2077517405635,0.9984496120167583,1.0,1.2911746294088369,1.8503987626261287,2.8533314478684972,0.021221546525416857,0.00709145382645672,1.8321099013430804,0.014130092698960137,1.5563884461505768e-16,633
D2_near_1e21,2,512,511.2024043265428,1.0003960945724908,1.0,1.3094149713198941,1.910432625618605,2.9944926470519215,0.04694387780405092,0.003001819747160739,1.9475487692478706,0.04394205805689018,0.0,1265
D2_near_1e21,3,512,510.34617708499877,0.9987205031017589,1.0,1.3617830116408642,2.0931445983999284,3.487010921701045,0.1797940619676357,-0.013397866033237935,2.3072168597334084,0.19319192800087365,0.0,1898
D2_near_1e21,4,512,510.75635998685493,0.9995232093676222,1.0,1.3084082237625578,1.908398086265941,2.996839827317565,0.05019821081725914,0.00014781462081550623,1.946641616500306,0.050050396196443636,0.0,2530
D2_near_1e21,5,512,511.606394430667,1.0011866818604052,1.0,1.3245106822569372,1.9633155554287705,3.140835593020121,0.08563571726776033,-0.0005115392877069053,2.055199875752361,0.08614725655546723,0.0,3163
D2_near_1e21,6,512,510.35499768710906,0.9987377645540295,1.0,1.3495314491415333,2.060465070560781,3.4032012202501547,0.18074219007415693,0.0056195465752365975,2.2224590301759974,0.17512264349892032,0.0,3795
D2_near_1e21,7,512,510.64018722223136,0.9992958654055408,1.0,1.3233054273864162,1.9688648853270472,3.1559487195455125,0.11085664138427212,-0.004455239623177995,2.0450920781612405,0.11531188100745011,0.0,4428
D2_near_1e21,8,512,509.97204378246806,0.9979883439970021,1.0,1.2954026910605743,1.863059528990409,2.8736387128374155,0.008943220247567607,-0.00016848042593999718,1.8646954925898482,0.009111700673507604,0.0,5060
D2_near_1e21,9,512,511.33323673037285,1.0006521266739195,1.0,1.288398881987542,1.846287650143505,2.8480056888974623,0.027522641613579063,-0.001426054779610622,1.8204830472838838,0.028948696393189685,0.0,5693
D2_near_1e21,10,512,511.01788509241214,1.0000350001808458,1.0,1.3725433446635504,2.140130228372497,3.6482584383498526,0.26551712578766284,-0.009359665335332473,2.3827413125621897,0.27487679112299535,0.0,6325
D2_near_1e21,11,512,509.8538699927367,0.997757084134514,1.0,1.3873158473527867,2.1811396885755094,3.709925227068861,0.22902250820849493,-0.005322272332291794,2.4809027188603663,0.23434478054078672,0.0,6958
D2_near_1e21,12,512,511.72092801920826,1.0014108180415033,1.0,1.3184094607647332,1.9463311713195843,3.086745835292397,0.07716331658977332,-0.005188496015974736,2.009582518702624,0.08235181260574806,0.0,7590
D2_near_1e21,13,512,511.3605172378593,1.0007055131856346,1.0,1.3473059832588599,2.0553316901487078,3.407656444483001,0.19920993064712172,-0.0046189137681667825,2.208446513835879,0.2038288444152885,0.0,8223
D2_near_1e21,14,512,510.65295148205587,0.9993208443875848,1.0,1.3403950554669801,2.02440488109222,3.320368942101978,0.14074698813888353,0.004989077554431329,2.179621953963095,0.1357579105844522,0.0,8855
D2_near_1e21,15,512,510.78787902353724,0.99958489045702,1.0,1.335133524671975,2.002165328042233,3.2484174231188008,0.11327966712251372,0.00661799746281172,2.1351377559962867,0.106661669659702,0.0,9488
CUE,0,512,510.39294101971797,0.9988120176511115,1.0,1.3282228213681164,1.9892529831353545,3.217676159018425,0.13355588566204896,0.001891232681085965,2.084120273356376,0.131664652980963,0.0,-1
CUE,1,512,510.71191553384256,0.999436233921414,1.0,1.3239253447653874,1.9587141943970754,3.1154710125077867,0.07345255001111536,-0.0007324276557901799,2.0420184624966717,0.07418497766690554,0.0,-1
CUE,2,512,511.4232455068223,1.0008282690935857,1.0,1.3030455095648317,1.8927645826076058,2.9710963126297134,0.05789160216327843,-0.004226999104616672,1.913204710466435,0.062118601267895104,0.0,-1
CUE,3,512,510.7734975420809,0.9995567466576926,1.0,1.3148355626871249,1.924827324284535,3.043529159543076,0.04791211319447209,0.013420691722950025,1.995617046348604,0.034491421471522066,1.4591258587341202e-16,-1
CUE,4,512,511.02770897799627,1.0000542250058637,1.0,1.3170518791839447,1.9657290536535594,3.2116100297473262,0.20281257525264593,-0.004879465944145567,2.00879745449468,0.2076920411967915,0.0,-1
CUE,5,512,510.87298857544386,0.9997514453531191,1.0,1.289383347546042,1.860669959330269,2.9198920417414613,0.0909996039382353,0.0023570414051180266,1.828892437803226,0.08864256253311727,1.5209096894733207e-16,-1
CUE,6,512,509.75076773987087,0.9975553184733285,1.0,1.3053417390713309,1.9075336049150882,3.003793880257777,0.07419046960582279,-0.00031826928097956203,1.929603410651954,0.07450873888680234,0.0,-1
CUE,7,512,510.15053449774905,0.9983376408957907,1.0,1.3077875347807808,1.8995976983009677,2.968132366704129,0.02307188062281587,-0.005761261919863522,1.9450604860813132,0.028833142542679394,0.0,-1
CUE,8,512,511.01174544734783,1.0000229852198588,1.0,1.3180306078274602,1.9535943610601416,3.147371161312556,0.1337696524102916,0.0033102349850700624,2.0136015089022647,0.13045941742522155,0.0,-1
CUE,9,512,511.31400130147875,1.000614483955927,1.0,1.3091565072063687,1.91449956829331,3.0135685490710395,0.06988760898275906,0.00161416520358202,1.9436809400882813,0.06827344377917703,0.0,-1
CUE,10,512,510.654222414592,0.9993233315354051,1.0,1.3025653078102226,1.901622550305174,3.0082379220172593,0.09044473234241412,0.008038107117143603,1.9177931896748452,0.08240662522527052,0.0,-1
CUE,11,512,510.4944124077479,0.9990105917959842,1.0,1.3642075474001985,2.0973760056034267,3.484487976392348,0.15405159980097718,0.0024106494760662567,2.3304363765913707,0.15164095032491093,0.0,-1
CUE,12,512,510.7835900142733,0.9995764970925113,1.0,1.3083983209365604,1.9095219522582458,2.990620040026707,0.054326161930344175,-0.0031599303452585284,1.936293878096363,0.0574860922756027,0.0,-1
CUE,13,512,510.5890151056183,0.9991957242771395,1.0,1.2958371801681716,1.8800551802214966,2.9541648303658814,0.08388848652823787,0.001550472742726225,1.8702763438376435,0.08233801378551164,1.5032648323657043e-16,-1
CUE,14,512,510.6414114867506,0.9992982612265178,1.0,1.3442981947165955,2.014689684216293,3.229679952686216,0.05886825210326341,-0.006234437200519735,2.1708117005829526,0.06510268930378314,0.0,-1
CUE,15,512,510.2232989078534,0.9984800370016701,1.0,1.3197534783176663,1.9693563252835005,3.198779341293958,0.1724272270687173,-0.002471721129990806,2.026352114225241,0.1748989481987081,0.0,-1
CUE,16,512,511.20158264428784,1.0003944865837335,1.0,1.3292473350428335,1.989075136534682,3.2188234043697923,0.12871979608676593,0.0017500510739451788,2.090103608283026,0.12696974501282074,0.0,-1
CUE,17,512,511.0224884864463,1.0000440087797384,1.0,1.361880123918531,2.0973990618515304,3.5003697345261657,0.1988948044336929,-0.00120445126820945,2.301474930092473,0.20009925570190235,0.0,-1
CUE,18,512,510.7926842960478,0.9995942941214243,1.0,1.3375385544348801,2.0011912296192254,3.2088518373999104,0.07518622787296594,-0.000817161125576775,2.1336656095269446,0.07600338899854271,0.0,-1
CUE,19,512,510.8234731611191,0.99965454630356,1.0,1.3601258138145842,2.111587415963939,3.5947658306427663,0.2948145342038284,-0.004101651841539711,2.299951296438939,0.2989161860453681,0.0,-1
CUE,20,512,511.3185297768228,1.0006233459429017,1.0,1.3450822912979297,2.0346258146188205,3.34005279333033,0.15074865862379072,-0.004133957281102205,2.1893041347065396,0.15488261590489294,0.0,-1
CUE,21,512,510.60984761630766,0.9992364923998193,1.0,1.3152212439067248,1.9662255729101854,3.214421801410562,0.2076109349670542,0.00303466450860234,2.0068108664435083,0.20457627045845186,0.0,-1
CUE,22,512,511.18121883799336,1.0003546356907893,1.0,1.3329314350894486,1.9876088831195748,3.1935766560697405,0.07904762607954034,0.0011249624537266467,2.1145290299902,0.0779226636258137,0.0,-1
CUE,23,512,511.5107113768008,1.0009994351796494,1.0,1.3219825918699306,1.942817393859431,3.071884214623717,0.02794468774063147,0.001937256463715814,2.043939526883086,0.026007431276915655,0.0,-1
CUE,24,512,510.86544662431055,0.9997366861532495,1.0,1.3049955961429465,1.9037112718425755,3.0160397519631053,0.08472409987852753,0.009017851625726499,1.9313156520845778,0.07570624825280103,1.4724249226523295e-16,-1
CUE,25,512,510.801366788469,0.9996112853003307,1.0,1.3168949079608994,1.9506858868758519,3.1239682360459797,0.11820237485965479,0.0011121018069039854,2.005765861186325,0.1170902730527508,0.0,-1
CUE,26,512,510.7465721918757,0.9995040551700112,1.0,1.3103959096701716,1.9084816447422028,2.9898590684820676,0.03112222345525148,0.003833641154401171,1.9587368450268157,0.02728858230085031,0.0,-1
CUE,27,512,510.58296635028626,0.9991838871825562,1.0,1.3082166698462525,1.931138395985272,3.095563588379367,0.14633775339650906,-0.0031424651701725814,1.9492258349828577,0.14948021856668164,0.0,-1
CUE,28,512,510.5497047041613,0.9991187958985543,1.0,1.3550922344525527,2.0666379765419376,3.4105307358314247,0.16219551720691217,-0.0077757048392981115,2.2483352186245127,0.1699712220462103,0.0,-1
CUE,29,512,510.7773320864279,0.9995642506583716,1.0,1.3284188628643168,1.9849480926881045,3.20507501396426,0.11587005701632508,0.0004643263895309502,2.0892049569479347,0.11540573062679413,0.0,-1
CUE,30,512,511.3654993167776,1.0007152628508367,1.0,1.3526387287557142,2.060840464594531,3.3959481782238297,0.1447848501854833,-0.0011584618809690195,2.251163328038346,0.1459433120664523,0.0,-1
CUE,31,512,510.8352066190093,0.9996775080606836,1.0,1.3365459332820393,2.0289456312482033,3.3662941040589587,0.21984975469220197,0.0033753432098606317,2.1464443493667567,0.21647441148234134,0.0,-1
CUE,32,512,510.66774674675895,0.9993497979388629,1.0,1.2842406034536569,1.8413516294167505,2.844504565137063,0.056662769110273535,0.0038581651723993138,1.7878417960267892,0.05280460393787422,0.0,-1
CUE,33,512,509.79402028342963,0.9976399614157135,1.0,1.3234038060879538,1.9603290074579576,3.127502805472684,0.08710542585011186,-0.00863713471978897,2.0403973796225716,0.09574256056990083,0.0,-1
CUE,34,512,510.5761693534282,0.9991705858188419,1.0,1.321958176024578,1.9653369556874112,3.171761450294597,0.13714893615124968,-0.006363522191652329,2.0346125141433475,0.143512458342902,0.0,-1
CUE,35,512,510.53360240554935,0.9990872845509772,1.0,1.301366865084847,1.9031810405472287,3.0194144344914533,0.10913992306394657,0.005311935263885979,1.9102745114275068,0.10382798780006058,0.0,-1
CUE,36,512,510.8743785242671,0.9997541654095247,1.0,1.335774405676683,2.009761607239426,3.2622834364135285,0.13529975325643717,0.0061128965681203976,2.1269836831570914,0.12918685668831678,0.0,-1
CUE,37,512,511.50815044097703,1.000994423563556,1.0,1.3286632773904434,1.9788796633748598,3.1890196661291963,0.09873017670956018,0.006821832428102512,2.090289489419636,0.09190834428145767,0.0,-1
CUE,38,512,511.09034240955447,1.0001767953220242,1.0,1.2793355304305,1.8170018818863962,2.775686454040322,0.019847734789473215,-0.001310222196808819,1.755838719250849,0.021157956986282034,0.0,-1
CUE,39,512,511.15994366339976,1.0003130012982382,1.0,1.309436588860151,1.9042300897926652,2.9703223777324266,0.01925362174192516,0.0031563456720272234,1.951068755990501,0.016097276069897935,1.49508758099545e-16,-1
CUE,40,512,510.9650588074679,0.9999316219324226,1.0,1.362844241684763,2.113556860081964,3.57897255353604,0.24252367515570028,0.0018255823926570797,2.33644887838034,0.24069809276304321,0.0,-1
CUE,41,512,510.7003296117142,0.9994135608839808,1.0,1.3473902828802968,2.0502859010298162,3.3893237787449486,0.1653716512820366,-0.005990149508563497,2.223952127462912,0.1713618007906001,0.0,-1
CUE,42,512,510.7408467798855,0.9994928508412632,1.0,1.3680848456832855,2.1187298481180274,3.579105087830855,0.2367001785659894,0.008672444614568744,2.3424049092648653,0.22802773395142067,0.0,-1
CUE,43,512,510.10292467269505,0.9982444709837477,1.0,1.3574020543876897,2.0818820576254105,3.4766211291355056,0.19247188020250533,-0.0042167404789582585,2.2841492489330006,0.1966886206814636,0.0,-1
CUE,44,512,510.30150499540497,0.9986330821827885,1.0,1.3211200169259558,1.965992519703663,3.1545168262392824,0.12379996800588944,-0.0026419841613805617,2.0307168582333928,0.12644195216727,0.0,-1
CUE,45,512,510.92143448856234,0.9998462514453275,1.0,1.3132251023797696,1.918943286875067,3.01938649517477,0.041532588862305764,0.0054119967024110205,1.9778539063124647,0.03612059215989474,0.0,-1
CUE,46,512,511.3519395953548,1.0006887271924751,1.0,1.3487778673860351,2.0679353974845283,3.451640342807057,0.22382902253262107,-0.002573374856025795,2.227811320274436,0.22640239738864687,0.0,-1
CUE,47,512,511.41149662987226,1.0008052771621767,1.0,1.3675317730682393,2.142180155576118,3.684969627952036,0.3277764050173142,0.0019571356726935385,2.357193222934722,0.3258192693446207,0.0,-1
CUE,48,512,510.30590062559764,0.9986416841988212,1.0,1.337471956706395,2.0163435125084304,3.3144987761039477,0.16616123022464097,0.0017139399341232903,2.148337545879307,0.1644472902905177,0.0,-1
CUE,49,512,511.14077731696256,1.0002754937709637,1.0,1.3273924043378171,1.9661569674248125,3.1335136985700505,0.05804150785645665,0.0009050740355633496,2.075472190713594,0.0571364338208933,0.0,-1
CUE,50,512,510.7004930676886,0.9994138807586861,1.0,1.3277082938992146,1.9927936805832083,3.265067415672828,0.18341698179414412,0.003100138750286169,2.0816504338786834,0.18031684304385795,0.0,-1
CUE,51,512,509.81232621158506,0.9976757851498729,1.0,1.3088155208513503,1.9071054748253102,2.990653542242491,0.03861448840178239,-0.00016984313492604541,1.9520390538407084,0.03878433153670843,0.0,-1
CUE,52,512,511.3324407906095,1.0006505690618581,1.0,1.3395538469222608,2.0274748555548463,3.329739338505465,0.17497848861499415,0.002005028077898513,2.154760849890471,0.17297346053709564,0.0,-1
CUE,53,512,511.3516383866799,1.0006881377430135,1.0,1.3273590412034286,1.981058094005244,3.2134647063829984,0.12936957745480493,-0.002454725927059212,2.0840951289281935,0.13182430338186413,0.0,-1
CUE,54,512,510.54009059666373,0.9990999815981678,1.0,1.3402604642015539,2.029852904828372,3.339437031935044,0.1706224773652099,0.0057725316481531674,2.1688145545698343,0.16484994571705675,0.0,-1
CUE,55,512,511.16897051184566,1.0003306663636902,1.0,1.3575673782827535,2.076620741866972,3.4343057159744745,0.1582521941503573,-0.007162313471119189,2.276053521824117,0.16541450762147647,0.0,-1
CUE,56,512,511.793996882736,1.001553809946646,1.0,1.2980776848623077,1.8905979034826372,2.977579001478416,0.09775839482593943,0.00394758644908752,1.879820606652476,0.0938108083768519,0.0,-1
CUE,57,512,510.1157289168496,0.9982695282130128,1.0,1.2933494986650853,1.8500703159526122,2.834492742589908,-0.008685975532530199,0.012688670135557328,1.843178718122438,-0.021374645668087527,0.0,-1
CUE,58,512,511.18851875189245,1.00036892123658,1.0,1.3276827544004193,1.994726937667024,3.2673605727544377,0.1755151450151043,0.001009168547753042,2.0918454277393335,0.17450597646735125,0.0,-1
CUE,59,512,510.25977037165967,0.9985514097292753,1.0,1.321122483904063,1.9646615656189774,3.1693605305702794,0.11879325861736753,0.0014634303852361155,2.0505672719529113,0.11732982823213142,0.0,-1
CUE,60,512,511.2284128676026,1.0004469919131165,1.0,1.3338811380128885,2.002181691699416,3.2609386151169173,0.12379612378434801,0.0056849292208667745,2.137142491332569,0.11811119456348124,0.0,-1
CUE,61,512,511.3004030973402,1.0005878729889242,1.0,1.3313381136723594,1.9900842192163632,3.217172674302195,0.11614702643327075,-0.005752434983180135,2.101025647868924,0.12189946141645089,0.0,-1
CUE,62,512,509.7879780528542,0.9976281370897343,1.0,1.301218580074774,1.8974745194140896,3.0023434402714613,0.09165037096654552,0.0033666775752092606,1.9106930693049153,0.08828369339133627,0.0,-1
CUE,63,512,511.59665601155484,1.001167624288757,1.0,1.371299994282814,2.111502928087741,3.487103260743391,0.12793835449236518,-0.006560124583681645,2.3591649062510265,0.1344984790760468,0.0,-1
Poisson,0,512,508.4957419499178,0.9950992993149076,1.0,1.973285333774464,4.748539388904647,13.153654250269689,5.645315949873514,0.6096557922190902,6.508338300396175,5.035660157654424,0.0,-1
Poisson,1,512,508.51133225170383,0.9951298087117492,1.0,1.9944816778312737,5.092408964522523,16.041385969390163,8.41241146200713,1.7882362664271816,6.628974507383032,6.624175195579948,0.0,-1
Poisson,2,512,510.803853556705,0.9996161517743738,1.0,1.8051600838274446,4.093331218140919,10.915147265619051,4.5647461215379375,0.45270508545830457,5.350401144081112,4.112041036079633,0.0,-1
Poisson,3,512,507.338268685089,0.9928341852937163,1.0,1.8278645976805061,4.0403317689244815,10.049827911897836,3.543234108146219,0.2001414503315232,5.506593803751617,3.343092657814696,0.0,-1
Poisson,4,512,510.39738510212527,0.9988207144855681,1.0,1.9920386555851317,4.967833574106552,14.36146533507103,6.737997405019067,0.7867049931053282,6.623467930051961,5.951292411913739,1.2368910817633254e-16,-1
Poisson,5,512,509.87787729786237,0.9978040651621572,1.0,1.9475992232966859,4.566322786980671,12.23490499794362,4.889726894733396,0.4638518738139328,6.345178103210226,4.425875020919463,1.4518762832231317e-16,-1
Poisson,6,512,510.336203073883,0.9987009844890078,1.0,1.9125186378470034,4.548947256305562,12.535820435669809,5.448040737520428,0.5460062424290844,6.087779698149381,4.9020344950913435,0.0,-1
Poisson,7,512,510.93343089583306,0.9998697277804952,1.0,1.8901000574218598,4.606877580100061,13.871240291102506,6.93759151418964,1.3888338031775334,5.933648776912868,5.548757711012106,0.0,-1
Poisson,8,512,510.985669485242,0.9999719559398083,1.0,1.9289021447598094,4.580477418149838,12.40449948080698,5.202719251910154,0.4657602229991935,6.201780228896824,4.73695902891096,0.0,-1
Poisson,9,512,511.8536664263372,1.0016705800906796,1.0,2.0725051760222,5.461111949482456,16.909999125498565,8.765147632952885,1.3401035361993312,7.14485149254568,7.425044096753554,0.0,-1
Poisson,10,512,511.83172149420716,1.001627635018018,1.0,1.8646883826422977,4.217582499438855,10.753650312182392,4.003510268100927,0.16825642290658305,5.750140044081467,3.8352538451943436,0.0,-1
Poisson,11,512,509.6530529044797,0.9973640957034827,1.0,2.0901075111507375,5.4898978254149196,16.641021255202297,8.330850329842896,1.0982505343396005,7.310170925359402,7.232599795503296,0.0,-1
Poisson,12,512,510.6184182143847,0.9992532646074065,1.0,2.1548118702675505,5.740000572508645,17.4989426877044,8.755434995888198,1.150464467431825,7.743507691816202,7.604970528456374,0.0,-1
Poisson,13,512,509.4679796704564,0.9970019171633198,1.0,2.1466866709260852,5.716589422191796,17.865764661880014,9.24258110838896,1.53314668205755,7.623183553491058,7.709434426331409,0.0,-1
Poisson,14,512,510.7421470497841,0.9994953954007516,1.0,2.3274001843248433,6.796234389111977,22.557706720963424,12.688840028165735,1.9045249293476552,8.868866692797688,10.78431509881808,0.0,-1
Poisson,15,512,510.53705900613085,0.9990940489356768,1.0,2.094566127964263,5.467172083193588,16.429387860243075,8.112750368251572,1.0763729051592155,7.3166374919915045,7.036377463092356,0.0,-1
Poisson,16,512,511.3710907220898,1.0007262049355965,1.0,2.024032982224905,5.104312375006476,14.90173737730808,7.075146593323011,0.9038123153977053,6.826590783985069,6.171334277925306,0.0,-1
Poisson,17,512,511.43287783906703,1.0008471190588395,1.0,2.096415206932723,5.329056346851933,15.152800495428625,6.815512259650533,0.618724209021116,7.337288235778092,6.196788050629417,0.0,-1
Poisson,18,512,511.0724889319895,1.0001418570097642,1.0,2.111406691437978,5.75629373511525,18.561929879728837,10.136251081146622,1.6820072344314967,7.425678798582214,8.454243846715125,0.0,-1
Poisson,19,512,510.86382259143835,0.9997335080067287,1.0,1.9719916571032472,4.772488657238151,13.226543970558321,5.767604592779179,0.5685077207963278,6.458939377779142,5.199096871982851,0.0,-1
Poisson,20,512,508.93528335771936,0.9959594586256739,1.0,1.854660584627184,4.208733432161273,10.85295738958613,4.127474757229417,0.26158935417988993,5.725482632356713,3.8658854030495275,0.0,-1
Poisson,21,512,510.7498196068558,0.9995104101895417,1.0,2.013200420713031,5.02166714803292,14.347579444304543,6.611481797659936,0.7124659190758208,6.736097646644607,5.899015878584115,0.0,-1
Poisson,22,512,507.8492343557382,0.9938341181129906,1.0,2.033912678305938,5.050969799964339,14.099363897464267,6.223364661555157,0.5493503446489718,6.8759992359091076,5.674014316906185,0.0,-1
Poisson,23,512,508.8844099807916,0.995859902115052,1.0,2.0186286110692087,4.980689415849321,14.128713302855587,6.363927483935223,0.7426142814374321,6.764785818920364,5.621313202497791,0.0,-1
Poisson,24,512,509.66441978424353,0.9973863400865822,1.0,1.9846638750548553,4.855385818799897,13.612626708280576,6.0452160895586955,0.6260232037105806,6.567410618721881,5.419192885848115,0.0,-1
Poisson,25,512,509.767054579178,0.9975871909572955,1.0,2.193499607188106,5.765135163925253,16.901751404274425,7.944832965241135,0.7448268948632746,7.956918439033291,7.20000607037786,0.0,-1
Poisson,26,512,511.6434931597671,1.0012592821130473,1.0,1.8916406996228372,4.387992415101863,11.684725722837552,4.723506685007481,0.40928805902105536,5.9612190378300705,4.314218625986426,0.0,-1
Poisson,27,512,510.6255757248444,0.9992672714771906,1.0,2.0878182616824903,5.480059253028606,16.984540022604456,8.74663168041608,1.491539787133321,7.237908342188373,7.255091893282759,0.0,-1
Poisson,28,512,511.60334141957287,1.0011807072790075,1.0,2.080414864314336,6.329204524193275,27.279992102751695,19.102699628445045,6.701121607889556,7.177292474306652,12.401578020555489,0.0,-1
Poisson,29,512,510.17579590544125,0.9983870761358928,1.0,2.0357780832081054,5.448420172710736,17.914569980345423,9.962598625243347,2.0222918676593764,6.951971355102077,7.94030675758397,0.0,-1
Poisson,30,512,507.66015859948806,0.9934641068483132,1.0,2.2481720209898683,6.619885661986952,23.073746268642516,13.734821429426198,2.5489574037755895,8.338924839216316,11.185864025650607,0.0,-1
Poisson,31,512,510.5353938707634,0.9990907903537445,1.0,2.231288610314561,6.120574227250297,19.17231669729237,9.921988270665079,1.3300927443531205,8.250328426627288,8.591895526311959,0.0,-1
Poisson,32,512,510.48051925144136,0.998983403623173,1.0,2.031131028128243,5.2483072234500785,15.928335531436364,8.06125475026247,1.2101596896414473,6.867080781173895,6.851095060621024,0.0,-1
Poisson,33,512,511.3604125782274,1.000705308372265,1.0,1.7687283811401624,3.7257035246682575,8.772194773998777,2.6505477469113683,0.0867244379575352,5.121647027087409,2.563823308953833,0.0,-1
Poisson,34,512,510.22143316298855,0.9984763858375509,1.0,2.0162020637203124,5.0427046703473515,14.868395800878233,7.092862622925876,1.1274134922477574,6.7755331779523535,5.9654491306781186,0.0,-1
Poisson,35,512,510.48417600288803,0.9989905596925401,1.0,1.8893456057713598,4.3439404960613555,11.438131792678371,4.524188262817222,0.3685694327884169,5.913943529861149,4.155618830028805,0.0,-1
Poisson,36,512,511.00644489233787,1.0000126123137727,1.0,1.9289716647054478,4.606311959091168,12.774114037134149,5.581306091798602,0.7112853065918987,6.192807945335546,4.8700207852067035,0.0,-1
Poisson,37,512,510.4762810203054,0.9989751096287777,1.0,2.063606556939298,5.4580995655666715,17.115725698041594,9.015608582935036,1.450654018794514,7.100117115106559,7.564954564140521,0.0,-1
Poisson,38,512,510.9825108774164,0.9999657747111868,1.0,2.0486943183349586,5.0495962981621005,13.89309302665874,5.89194364118311,0.3934380665108511,7.00114938547563,5.498505574672259,0.0,-1
Poisson,39,512,510.1255462342343,0.9982887401844116,1.0,1.924834989876624,4.590189242266467,12.895899003205956,5.740383846012843,0.7840576714383342,6.155515157193113,4.956326174574509,0.0,-1
Poisson,40,512,509.0272162070028,0.996139366354213,1.0,1.9204506693839314,4.4170328725073,11.441099463657775,4.315481474544304,0.33093170374822645,6.125617989113467,3.984549770796078,0.0,-1
Poisson,41,512,510.6988857017228,0.9994107352284204,1.0,2.1058440188631757,5.648456576303106,18.166694137115186,9.75764863357857,1.915212875995048,7.409045503536615,7.842435757583523,0.0,-1
Poisson,42,512,510.0949493067932,0.9982288636140767,1.0,1.8156588202097277,4.033751356750175,10.509791439840672,4.108348025055205,0.5476285435176584,5.401443414785467,3.560719481537547,0.0,-1
Poisson,43,512,508.8956796439226,0.9958819562503378,1.0,1.980982169145808,4.8986923726134135,14.038781455322592,6.504998659624584,0.8143093345350726,6.5337827956980075,5.690689325089512,0.0,-1
Poisson,44,512,509.7441517894319,0.9975423714078903,1.0,1.9931249079857343,4.714698417154889,12.536979238624921,4.914871117419546,0.4274952554494529,6.622108121205374,4.487375861970093,0.0,-1
Poisson,45,512,510.29484069351224,0.9986200404961101,1.0,1.7796610501216275,3.7583822704313667,8.879244984788201,2.723454657770676,0.11788983908859779,5.155790327017525,2.6055648186820783,0.0,-1
Poisson,46,512,511.3061378629565,1.0005990956222242,1.0,1.8863028141032832,4.1633292589342314,10.192168521969379,3.2843994070603304,0.14518034620561393,5.907769114909048,3.1392190608547166,0.0,-1
Poisson,47,512,509.9382072899074,0.997922127768899,1.0,2.142118659935827,5.938078505702791,19.71230977842177,11.106188281286085,2.0673119779066975,7.606121497135687,9.038876303379388,0.0,-1
Poisson,48,512,510.1385682704848,0.9983142236213011,1.0,2.075492626756411,5.441792699849989,16.811247451735607,8.643502220985106,1.3028350356451057,7.167745230750497,7.34066718534,0.0,-1
Poisson,49,512,511.60489160181476,1.0011837409037472,1.0,1.8172849170052003,4.223148548733028,11.766331869482656,5.323442543830285,0.7232817984812037,5.442889325652371,4.600160745349081,0.0,-1
Poisson,50,512,506.1567604080307,0.9905220360235435,1.0,2.296870906872394,6.657756960623491,22.291748069693035,12.609499753855923,2.119954147317548,8.682248315837116,10.489545606538375,0.0,-1
Poisson,51,512,510.18005541117896,0.9983954117635596,1.0,1.9986078993161926,4.775946974777417,12.68576789596149,5.033906609042645,0.29928486074220584,6.651861286918845,4.734621748300439,0.0,-1
Poisson,52,512,507.935928589339,0.9940037741474345,1.0,2.008881387202699,4.863883658542291,13.126557792911303,5.401286596222086,0.3286974704938862,6.725271196689216,5.072589125728199,1.353254118425115e-16,-1
Poisson,53,512,510.84940364909045,0.9997052908984158,1.0,1.9079228305325575,4.528680509484355,12.448678449733585,5.395999603005995,0.5510935452800055,6.052678846727587,4.844906057725989,0.0,-1
Poisson,54,512,509.3453093607605,0.9967618578488464,1.0,1.8711381802411937,4.267976117534607,11.047445897230451,4.249860258378967,0.24845766474123876,5.797585638851486,4.001402593637728,0.0,-1
Poisson,55,512,509.65309173353836,0.997364171689899,1.0,2.079752669723883,5.352234246113247,15.740045009006261,7.519281710956056,0.8854541886477736,7.220763298050203,6.633827522308282,0.0,-1
Poisson,56,512,510.5332669218055,0.9990866280270166,1.0,2.2304184705575576,6.319657475229702,21.223608125997245,11.999883530399917,2.2329339425634567,8.223724595597332,9.766949587836459,0.0,-1
Poisson,57,512,508.66515026818166,0.9954308224426256,1.0,2.0435335278302045,5.317203381788625,16.04358254619608,8.097170867920477,1.0592006942295566,6.946411678275603,7.03797017369092,0.0,-1
Poisson,58,512,511.1748721740223,1.0003422156047403,1.0,1.9019946277707644,4.373493921364858,11.42123215696163,4.425038897325079,0.35288857251808825,5.99619325963655,4.072150324806991,0.0,-1
Poisson,59,512,509.5685826250669,0.9971987918298765,1.0,1.940577090067189,4.776841134048661,13.943480917907369,6.680341638290578,0.9769843055261755,6.263139279616791,5.703357332764402,0.0,-1
Poisson,60,512,508.53450706703313,0.9951751606008477,1.0,1.8186675121210043,4.076089009855172,10.6474612949191,4.212687453129824,0.39984424926585693,5.434773841789276,3.8128432038639675,0.0,-1
Poisson,61,512,510.7059291009434,0.999424518788539,1.0,2.036085803192571,5.086813382147216,14.592087537110505,6.684943022635187,0.7641647961745888,6.907144514475318,5.920778226460598,0.0,-1
Poisson,62,512,507.7470888606012,0.9936342247761276,1.0,1.9028576217230175,4.4627740648399,12.147001903604613,5.114280339389198,0.579739081078746,6.032721564215416,4.534541258310451,1.4623829431302864e-16,-1
Poisson,63,512,510.6472296778381,0.9993096471190569,1.0,1.9256935137579687,4.722736263484976,13.854170590125483,6.654206401416637,1.012271896843043,6.199964188708845,5.641934504573594,0.0,-1
