u_center,empirical_full,block_mean,block_se,block_ci95_low,block_ci95_high,gue_theory,pair_count_full
0.05,0.005000140009690043,0.005000435747598016,0.0019869720010852808,0.0011059706254708656,0.008894900869725166,0.00819765988909782,5
0.15000000000000002,0.03700140611611145,0.037011046152878355,0.007442200300966445,0.022424333562984122,0.05159775874277259,0.07186475216546095,37
0.25,0.12100580854913796,0.121041977589325,0.009894299992804556,0.10164914960342808,0.14043480557522192,0.1894305308612979,121
0.35000000000000003,0.282016357731075,0.28215168629542153,0.015223674453408784,0.25231328436674033,0.31199008822410274,0.34336211782807646,282
0.45,0.43302944743752364,0.43333552791663593,0.02312968447932114,0.3880013463371665,0.4786697094961054,0.5118929491750097,433
0.55,0.6420500823809703,0.6425610148980782,0.02186696315948721,0.5997017671054832,0.6854202626906731,0.6732506519270727,642
0.6500000000000001,0.8050708497723995,0.8039064159644814,0.03046542859655686,0.74419417591523,0.8636186560137329,0.8096138684826968,805
0.75,1.032101151005406,1.0303859810314913,0.03318878436099629,0.9653359636839385,1.095435998379044,0.9099367256512553,1032
0.8500000000000001,1.0061086652435416,1.0065944505660547,0.032407193244014455,0.9430763518077864,1.070112549324323,0.9710961341504816,1006
0.95,1.035122150639307,1.0337782302503957,0.032615891962419694,0.9698510820040531,1.0977053784967383,0.9972526250966457,1035
1.05,1.0071289191027084,1.0089194989248598,0.02678210205241093,0.9564265789021343,1.061412418947585,0.9977510151017893,1007
1.1500000000000001,0.9381294685221028,0.9360520409575612,0.03201352310942235,0.8733055356630934,0.998798546252029,0.984209419223987,938
1.25,0.949140480037184,0.9481686645987638,0.02826481831255385,0.8927696207061583,1.0035677084913694,0.9675772212344519,949
1.35,0.9221457065596824,0.9223488693402331,0.0289568153456741,0.8655935112627119,0.9791042274177543,0.9558638460542878,922
1.4500000000000002,0.9621616515422212,0.9626394518062524,0.03558171270469837,0.8928992949050436,1.0323796087074613,0.9529885004556192,962
1.55,0.9651718095143205,0.9658784700296807,0.03432497244521624,0.898601524037057,1.0331554160223047,0.9588588229793713,965
1.6500000000000001,1.0021884212392156,1.0021773985644686,0.025383314034584457,0.9524261030566831,1.051928694072254,0.9704543101685728,1002
1.75,1.0071994358973406,1.0053350323319759,0.020468625702113465,0.9652165259558334,1.0454535387081183,0.9834577659359448,1007
1.85,1.0432170004807417,1.0436760432517609,0.027434818404049818,0.9899037991798233,1.0974482873236986,0.993898307355361,1043
1.9500000000000002,0.9692112991264781,0.9705978789427414,0.025157157773917242,0.9212898497058636,1.0199059081796191,0.9993479274555483,969
2.05,0.9882253271885898,0.9879186763668667,0.031539286946241245,0.9261016739522339,1.0497356787814995,0.9994099926590655,988
2.1500000000000004,0.9592283083227428,0.958986612491306,0.02944385118313069,0.9012766641723698,1.016696560810242,0.9954823054459109,959
2.25,0.9492354227579736,0.9491423397347868,0.029949238820036007,0.8904418316475162,1.0078428478220574,0.9899929695168062,949
2.3500000000000005,0.989255241281271,0.9885038188464008,0.030862800952547526,0.9280127289794077,1.048994908713394,0.9854344697933797,989
2.45,1.0052694263955724,1.0077647336437978,0.030957114825900172,0.9470887885850334,1.0684406787025622,0.9835332481812478,1005
2.55,0.9682691930256095,0.9657758357543429,0.024463445530157807,0.9178274825152336,1.0137241889934523,0.984799434403374,968
2.6500000000000004,1.0182932839387449,1.0202156228085104,0.02173975435193747,0.977605704278713,1.0628255413383079,0.9885456546007746,1018
2.75,1.0243052590846973,1.0225121953426903,0.037287344880984265,0.9494289993759611,1.0955953913094194,0.9933010787674488,1024
2.8500000000000005,1.0043093436230581,1.0005434903348136,0.029947786806871393,0.9418458281933457,1.0592411524762815,0.9974289882331453,1004
2.95,0.9623060294986805,0.9645301979701163,0.02900350601323207,0.9076833261841815,1.0213770697560511,0.9997150812007725,962
3.05,1.0033291093608179,1.0049984700256391,0.03091195613285123,0.9444110360052507,1.0655859040460276,0.9997334581187555,1003
3.1500000000000004,0.9833323839427142,0.9820632167991746,0.024830117625735646,0.9333961862527328,1.0307302473456166,0.9978953849255453,983
3.25,0.9933457026170909,0.9882293515049962,0.03344501010785599,0.9226771316935984,1.053781571316394,0.995203730951842,993
3.3500000000000005,0.9473391653972527,0.9502069056379371,0.02996621344932747,0.8914731272772553,1.008940683998619,0.9928324223153432,947
3.45,1.009371468398595,1.007824483539318,0.02119950726199408,0.9662734493058096,1.0493755177728263,0.9916957212525049,1009
3.55,0.9973770285195541,1.000973282501988,0.01640059094858723,0.968828124242757,1.0331184407612188,0.9921569785525046,997
3.6500000000000004,0.9803804077895687,0.9830427368802568,0.026911373951238257,0.9302964439358298,1.0357890298246837,0.9939622337724856,980
3.75,1.0274089304690888,1.0245206919242276,0.03889786584532438,0.9482808748673918,1.1007605089810633,0.9963974690260502,1027
3.8500000000000005,1.0494281894481792,1.0499232186386953,0.024404613434297496,1.0020901763074723,1.0977562609699183,0.9985911254460261,1049
3.95,0.9774085784994772,0.9775526650192967,0.022766570144501497,0.9329301875360738,1.0221751425025196,0.9998410827847923,977
4.050000000000001,0.9424033700873389,0.9405112209468305,0.027433087298988648,0.8867423698408128,0.9942800720528482,0.9998488336625345,942
4.15,0.9574193719886167,0.9547837441545314,0.0322282948215755,0.8916162863042434,1.0179512020048194,0.9987874557656393,957
4.25,0.9864419495058833,0.990284855196381,0.029362363322710285,0.9327346230838688,1.047835087308893,0.9971952613524613,986
4.35,1.0064609836637206,1.0035474245136613,0.03159309912845506,0.9416249502218894,1.0654698988054332,0.9957490743524344,1006
4.45,1.0124738629944303,1.0139049461340075,0.038458465093291955,0.9385263545511553,1.0892835377168597,0.9950086262950607,1012
4.550000000000001,1.041497862490426,1.040340866362341,0.023778564307186365,0.9937348803202557,1.0869468524044263,0.9952256163365748,1041
4.65,1.0265009591528176,1.023379890662839,0.02882641460142344,0.9668801180440492,1.079879663281629,0.9962798871284051,1026
4.75,0.9894927936683068,0.990231268619285,0.03147311418644871,0.9285439648138456,1.0519185724247244,0.9977546552101421,989
4.8500000000000005,1.0115138764368983,1.0126851102354606,0.029175106519809094,0.9555019014566348,1.0698683190142864,0.9991122098809108,1011
4.95,0.9564954910789213,0.9543122456254736,0.029446249666777505,0.8965975962785897,1.0120268949723574,0.9998988060054983,956
5.050000000000001,0.9144828727049705,0.9161036181285482,0.02432090432742932,0.8684346456467867,0.9637725906103097,0.9999027740084196,914
5.15,1.0095431631916927,1.0041961271890294,0.019378576032170546,0.9662141181659751,1.0421781362120837,0.9992126291610415,1009
5.25,1.0335664246181275,1.0336965745353666,0.031088698038853006,0.9727627263792147,1.0946304226915184,0.9981619739928828,1033
5.3500000000000005,1.0555890501213219,1.0571643505675328,0.02676883492389912,1.0046974341166905,1.109631267018375,0.9971896885119728,1055
5.45,1.0545990442285251,1.0523470007220963,0.02715473683917238,0.9991237165173185,1.1055702849268743,0.9966722774920609,1054
5.550000000000001,1.0325968728545367,1.0373725508020528,0.02206402705857575,0.9941270577672443,1.0806180438368613,0.9967911150785793,1032
5.65,0.9615654306627808,0.9657670650760286,0.027648078883043322,0.9115768304652637,1.0199572996867936,0.9974802054799574,961
5.75,0.9395618880151578,0.9406866115989662,0.03210406131299795,0.8777626514254901,1.0036105717724422,0.9984677325725166,939
5.8500000000000005,0.9555810242965423,0.9469427914490796,0.027711708779855963,0.8926278422405619,1.0012577406575973,0.9993897861618445,955
5.95,0.9315757445673991,0.9340243233936496,0.03377161470395868,0.8678319585738906,1.0002166882134087,0.9999299624080142,931
6.050000000000001,1.0056315703715877,1.007062864696104,0.0382547128097685,0.9320836275889577,1.0820421018032502,0.9999322585656641,1005
6.15,1.0706831323449413,1.0700074072137187,0.030383818043180796,1.0104551238490842,1.1295596905783531,0.9994478671934357,1070
6.25,1.0897061673400463,1.0894538872889168,0.025432130595107898,1.0396069113225053,1.1393008632553283,0.9987030888493781,1089
6.3500000000000005,0.9696380559493302,0.9701504042277318,0.02717211881162618,0.9168930513569444,1.0234077570985192,0.998005130124222,969
6.45,1.0316892052375144,1.0362290555750537,0.03314358324462267,0.9712676324155933,1.1011904787345141,0.997624140909992,1031
6.550000000000001,0.9426391435162198,0.9382033502164953,0.03115609448713615,0.8771374050217084,0.9992692954112821,0.9976961324446812,942
6.65,0.9716685437122395,0.9707673416868866,0.03137026037761118,0.9092816313467686,1.0322530520270046,0.9981810584981388,971
6.75,0.9436587090120022,0.9466755367658906,0.027469274694932055,0.8928357583638238,1.0005153151679573,0.9988881077240895,943
6.8500000000000005,0.9897007456145447,0.9873961864156211,0.025360931464087584,0.9376887607460095,1.0371036120852328,0.9995549460690228,989
6.95,0.9716977162898066,0.9723842823961574,0.0341656209444339,0.9054196653450669,1.0393488994472477,0.9999486671321303,971
7.050000000000001,1.0617730121161366,1.0648598365215618,0.02926984938768438,1.0074909317217005,1.1222287413214231,0.9999501130556757,1061
7.15,1.0337629578933334,1.0325954555110353,0.02523821521811992,0.9831285536835203,1.0820623573385504,0.9995915097447058,1033
7.25,1.1318466666222862,1.131274241600614,0.036626328926332774,1.0594866369050018,1.2030618462962264,0.9990361837465651,1131
7.3500000000000005,0.992752546713289,0.9975358025464454,0.029053795294038447,0.9405903637701301,1.0544812413227607,0.9985110252104945,992
7.45,0.9827547960913287,0.9835205610885034,0.02893918861943747,0.926799751394406,1.0402413707826008,0.9982191490871211,982
7.550000000000001,0.9187147983840848,0.9197825491117599,0.024284120298980867,0.8721856733257575,0.9673794248977624,0.9982660115294582,918
7.65,0.9117184726282929,0.9036946794448418,0.03013098663531675,0.844637945639621,0.9627514132500626,0.9986255176971923,911
7.75,1.003801076158348,1.0054628794329712,0.019211631543860696,0.9678080816070043,1.0431176772589381,0.9991565354119264,1003
7.8500000000000005,1.0038111228293487,1.0026192132092748,0.03009736143796134,0.9436283847908706,1.061610041627679,0.9996611133421027,1003
7.95,1.12191777790163,1.1206524352742455,0.04103952412607241,1.0402149679871435,1.2010899025613475,0.9999607688643601,1121
8.05,1.0949066312577298,1.0934862026882022,0.039536847360393534,1.0159939818618309,1.1709784235145735,0.9999617374970059,1094
8.15,1.022857200257335,1.0276188667537618,0.03498440527309353,0.9590494324184985,1.0961883010890252,0.9996856028743832,1022
8.25,1.0038513115245007,1.0003735921470787,0.02456050513800315,0.9522350020765925,1.048512182217565,0.9992556754186054,1003
8.350000000000001,0.943809832229953,0.9456567897489474,0.03180297710172667,0.8833229546295631,1.0079906248683317,0.9988463101500081,943
8.45,0.9238019030247046,0.9184186432360821,0.039021210943689336,0.841937069786451,0.9949002166857133,0.9986157112455157,923
8.55,0.9588419083161657,0.9582500200922276,0.02570368324323591,0.9078708009354852,1.00862923924897,0.998647902906302,958
8.65,0.9718630606561155,0.9716978930417977,0.027950971020106373,0.9169139898423891,1.026481796241206,0.9989249471674154,971
8.75,1.0759662695043872,1.080771125920723,0.032924824306678147,1.0162384702796339,1.1453037815618123,0.9993383106374378,1075
8.850000000000001,1.0139206893411314,1.013840754015518,0.032815412303662375,0.9495225459003398,1.0781589621306964,0.9997333710865169,1013
8.95,1.0469611618755446,1.0425256958258862,0.02614388061491449,0.9912836898206537,1.0937677018311185,0.9999690458368931,1046
9.05,1.0279539924535899,1.0264439113530277,0.02597375389726514,0.975535353714388,1.0773524689916674,0.9999697261274042,1027
9.15,0.9889276638895242,0.986939526403949,0.024652033836829963,0.9386215400837623,1.0352575127241357,0.9997505683289883,988
9.25,1.0189660315998978,1.0197894485324992,0.03807048133414364,0.9451713051175776,1.0944075919474208,0.9994079112716299,1018
9.350000000000001,0.9829417086582696,0.9801801669714789,0.023774177712101333,0.9335827786557603,1.0267775552871976,0.9990798920121701,982
9.45,0.9599292613624469,0.962064640370986,0.03228200884927087,0.8987919030264151,1.025337377715557,0.9988931812906463,959
9.55,0.945925164432039,0.9469816805273075,0.030377442138813205,0.8874418939352335,1.0065214671193814,0.998916239381683,945
9.650000000000002,0.9599484799734838,0.9624540199281464,0.02941752389980438,0.9047956730845298,1.0201123667717629,0.9991362115432246,959
9.75,1.0250230278594443,1.0228066561617528,0.03113418793520679,0.9617836478087475,1.083829664514758,0.9994670812168713,1024
9.850000000000001,1.0580665883391713,1.064875957636319,0.02477627456530164,1.0163144594883278,1.11343745578431,0.9997847608227342,1057
9.95,1.0120303021226746,1.0109896451190115,0.02369300686672139,0.9645513516602375,1.0574279385777854,0.9999749551188073,1011
10.05,0.9730002979751502,0.9796092623134933,0.04143175668756785,0.8984030192058603,1.0608155054211263,0.9999754510447734,972
10.150000000000002,1.106148243487123,1.0940806605095106,0.03342669519013755,1.028564337936841,1.1595969830821802,0.9997972962889051,1105
10.25,0.982029221852024,0.9687027719891436,0.037756907975705814,0.8946992323567602,1.042706311621527,0.9995178051938497,981
10.350000000000001,0.9780348163667808,0.9842349966728164,0.033837936466693766,0.9179126411980967,1.0505573521475362,0.99924910135064,977
10.45,0.9199825941423365,0.9191412243980055,0.03329846437078923,0.8538762342312586,0.9844062145647524,0.9990948771521525,919
10.55,0.9089799329597568,0.9090639580493163,0.0263490260049992,0.8574198670795179,0.9607080490191147,0.999111954558145,908
10.650000000000002,1.0431349917884107,1.0441244144232027,0.0364645226611759,0.9726539500072979,1.1155948788391075,0.9992908096668116,1042
10.75,0.9800761814112869,0.9840475334603479,0.029397894152703212,0.9264276609210496,1.0416674059996462,0.9995616173774263,979
10.850000000000001,1.0511647530680146,1.0486539159612744,0.026148472984982126,0.9974029089107095,1.0999049230118394,0.9998226078865444,1050
10.95,1.0711976632791784,1.0723411569707386,0.03590622028242827,1.0019649652171791,1.142717348724298,0.9999793206492752,1070
11.05,1.0451790252349389,1.0541226811359297,0.028843521631715597,0.9975893787377671,1.1106559835340923,0.9999796932425603,1044
11.150000000000002,1.0632099979382337,1.0646378552547433,0.03477443904830899,0.9964799547200577,1.132795755789429,0.999832025232148,1062
11.25,0.9741183479066714,0.9738035478198637,0.03396055386699969,0.9072408622405442,1.040366233399183,0.9995997187806722,973
11.350000000000001,0.9330805653122979,0.929036144581844,0.03394239432915032,0.8625090516967094,0.9955632374669786,0.999375589353055,932
11.45,0.9400980935349476,0.9414504644870856,0.029548252362273618,0.8835358898570292,0.9993650391171419,0.9992460732801277,939
11.55,0.9501193006394726,0.9405912742405352,0.032247439403476394,0.8773862930097215,1.0037962554713489,0.9992590717730773,949
11.650000000000002,0.9991870980193343,0.9929988203537501,0.03423028287555735,0.9259074659176577,1.0600901747898426,0.9994073337835211,998
11.75,1.1003182520591128,1.1058700499640537,0.03232112239800666,1.0425206500639606,1.1692194498641468,0.9996330604485565,1099
11.850000000000001,1.0412579071073833,1.0426154981039122,0.03849942099314655,0.9671566329573449,1.1180743632504795,0.9998512842096083,1040
11.95,1.0502793089063382,1.048948624693152,0.0317072711264469,0.9868023732853162,1.111094876100988,0.9999826368176308,1049
12.05,1.087335319491795,1.0881602997792332,0.038133446908177944,1.0134187438392044,1.162901855719262,0.9999829238074395,1086
12.150000000000002,0.9852197675883619,0.9868944194623843,0.03466931880179621,0.9189425546108637,1.0548462843139048,0.9998585375327184,984
12.25,0.9461808971907143,0.9481360549220905,0.038171145140438414,0.8733206104468312,1.0229514993973499,0.9996624033864479,945
12.350000000000001,0.9481928907345101,0.9513550114961214,0.028803597438945592,0.8948999605157881,1.0078100624764548,0.999472614594135,947
12.45,0.9221693735830349,0.9197485500709937,0.031240797013191574,0.8585165879251382,0.9809805122168491,0.9993623220413086,921
12.55,0.9612285160406079,0.9579197002756725,0.0316754864118551,0.8958357469084365,1.0200036536429085,0.9993724437530067,960
12.650000000000002,1.0823941986286092,1.0791862879121332,0.025742024598050386,1.0287319196999545,1.129640656124312,0.9994973323091062,1081
12.75,1.0703894401414145,1.0712266576751726,0.042249570893451736,0.9884174987240072,1.154035816626338,0.9996883623724957,1069
12.850000000000001,1.051375272746617,1.057041411956503,0.030207720590454207,0.9978342795992128,1.1162485443137933,0.9998735299969642,1050
12.95,1.019343567010508,1.0142086501584395,0.030879864069663594,0.9536841165818989,1.0747331837349803,0.9999852148545771,1018
13.05,1.0033324971533566,0.999961164781823,0.03394263757371436,0.9334335951373428,1.066488734426303,0.9999854405786746,1002
13.150000000000002,0.9542768910921922,0.9601505382095782,0.031351836265767326,0.8987009391286742,1.0216001372904822,0.9998792346682689,953
13.25,0.9462756481213223,0.9449261521917902,0.03940639052525683,0.8676896267622868,1.0221626776212935,0.999711438423233,945
13.350000000000001,0.9683150424948139,0.9708113426971534,0.029743914028633963,0.9125132712010309,1.029109414193276,0.9995486645032694,967
13.45,0.9843466585976344,0.9812863062981965,0.03386084233626806,0.9149190553191111,1.0476535572772818,0.9994536190611404,983
13.55,1.0033827357198861,1.002048437681872,0.04108953403596678,0.921512950971377,1.0825839243923667,0.9994616539655393,1002
13.650000000000002,1.060472014266571,1.0598117356471428,0.040264256671531044,0.980893792570942,1.1387296787233436,0.9995682854160606,1059
13.75,1.0454616339198133,1.0477451082494134,0.03347717918506619,0.9821298370466837,1.1133603794521432,0.999732043150698,1044
13.850000000000001,1.014428391947463,1.0150413972126464,0.0338778066168873,0.9486408962435473,1.0814418981817455,0.9998911335058386,1013
13.95,0.9693746471350888,0.9761268815195734,0.03225618645225093,0.9129047560731616,1.0393490069659852,0.9999872586125549,968
14.05,0.9874100974124553,0.9845930072893665,0.03086634221337311,0.9240949765511552,1.0450910380275777,0.999987439339166,986
14.150000000000002,0.9643868628556884,0.9621609931005167,0.028217462448420834,0.9068547667016119,1.0174672194994216,0.9998957008174592,963
14.25,0.9954414767433212,1.0003944479264266,0.032708506176854814,0.9362857758197912,1.0645031200330621,0.9997505172455714,994
14.350000000000001,0.9814310033272888,0.970770405989167,0.03321212751057925,0.9056746360684317,1.0358661759099024,0.9996093766316645,980
14.45,1.0315143444646984,1.031767779249877,0.03732455218006995,0.9586116569769398,1.104923901522814,0.9995266259848802,1030
14.55,1.0595661229227575,1.0699875314509153,0.03207521713285565,1.0071201058705181,1.1328549570313124,0.9995331104838532,1058
14.650000000000002,0.9564232342864751,0.9548737716501512,0.03638464177591539,0.8835598737693571,1.0261876695309453,0.9996252110539852,955
14.75,0.9534283124011309,0.9623044727009397,0.023568279846848433,0.9161106442011168,1.0084983012007627,0.9997671446512097,952
14.850000000000001,0.9784756205707035,0.9697340846147302,0.028633277234713133,0.9136128612346924,1.0258553079947679,0.9999053019847123,977
14.95,1.0025219100854712,0.9956806404424181,0.021377368414428388,0.9537809983501384,1.0375802825346978,0.9999889061381851,1001
15.05,0.9985258295065322,1.0010709504037802,0.036699844782578955,0.9291392546299255,1.073002646177635,0.9999890530751304,997
15.150000000000002,0.985515804810158,0.9826982384994402,0.04149181727501063,0.9013742766404194,1.064022200358461,0.9999090152683232,984
15.25,1.0215814931881517,1.024155448457273,0.03400266247937852,0.9575102299976911,1.0908006669168548,0.9997821635396026,1020
15.350000000000001,0.9995573941633142,0.9944135523253838,0.031249278918413212,0.9331649656452938,1.0556621390054737,0.9996586143489435,998
15.45,0.9645124368289557,0.9646793358642671,0.03705354661365592,0.8920543845015015,1.0373042872270328,0.9995859210616057,963
15.55,0.9775426452488356,0.9762424904151429,0.032384247343196136,0.9127693656224785,1.0397156152078073,0.9995912297110573,976
15.650000000000002,0.9455015371872761,0.9578777177645744,0.024230164727103765,0.9103865948994511,1.005368840629698,0.9996715771700597,944
15.75,0.9465126084920954,0.9498631779996265,0.035369597075800695,0.8805387677310571,1.0191875882681958,0.9997957748880981,945
15.850000000000001,0.961546249524233,0.9541897295866522,0.03236981094321959,0.8907449001379417,1.0176345590353626,0.9999168743123077,960
15.95,0.9795850538611668,0.9739608078903268,0.031060687972433807,0.9130818594643565,1.034839756316297,0.9999902536105176,978
16.05,0.9906128043841697,0.99487372548938,0.03920956802390206,0.9180229721625319,1.0717244788162281,0.999990374682504,989
16.15,1.0346949214385825,1.0322338300187144,0.031756172785263666,0.9699917313595976,1.0944759286778312,0.9999199338896135,1033
16.25,1.0126689682232815,1.0117308211109999,0.04766501722711508,0.9183073873458543,1.1051542548761455,0.9998081492380737,1011
16.35,1.01768741649463,1.0212610265283568,0.03578278366886057,0.9511267705373901,1.0913952825193236,0.9996990970061777,1016
16.450000000000003,0.9385656116490385,0.9305514900918233,0.03482546636417144,0.8622935760180472,0.9988094041655993,0.9996347347944233,937
16.55,0.9135329908147954,0.9214283194485665,0.02977798052321207,0.8630634776230709,0.9797931612740621,0.9996391355398653,912
16.65,0.9846621992003954,0.981611935019845,0.04074736047426096,0.9017471084902935,1.0614767615493965,0.9997098426694584,983
16.75,0.9476091268528399,0.9476833070188608,0.030843995649201077,0.8872290755464267,1.008137538491295,0.999819432063012,946
16.85,0.992695615320748,0.9923853557457999,0.03841038109008846,0.9171010088092265,1.0676697026823732,0.9999264480867973,991
16.950000000000003,1.08185873329021,1.076399071710274,0.03391294617975184,1.0099296971979603,1.1428684462225878,0.9999913697031865,1080
17.05,1.0498141764887448,1.0517543687709132,0.040209540105343416,0.9729436701644402,1.1305650673773864,0.9999914706414624,1048
17.15,1.0979082672239981,1.1026736859346806,0.03385780141177859,1.0363123951675945,1.1690349767017667,0.99992899882506,1096
17.25,0.9967423994489685,0.9962644806187679,0.04479554259321275,0.908465217136071,1.0840637441014649,0.9998297480636129,995
17.35,1.0278069818852917,1.029666651793479,0.029041638796986763,0.9727450397513849,1.086588263835573,0.9997327836272503,1026
17.450000000000003,1.0177995664477584,1.0153946565791525,0.037648291230223646,0.9416040057679141,1.0891853073903908,0.9996753994538894,1016
17.55,0.9336601370387084,0.9326877916316517,0.030779241804897484,0.8723604776940527,0.9930151055692508,0.9996790880665187,932
17.65,0.9366748647674937,0.9348886355617354,0.03277354363927649,0.8706524900287534,0.9991247810947174,0.9997417902701536,935
17.75,0.9677400903027873,0.9651960653742517,0.023304445585622353,0.919519352026432,1.0108727787220715,0.9998392046282208,966
17.85,1.0248530339845099,1.0286401383687456,0.03415295954045985,0.9617003376694443,1.095579939068047,0.9999344583540827,1023
17.950000000000003,1.040892444285237,1.0329793613519338,0.039706973130386784,0.9551536940163757,1.110805028687492,0.999992304510827,1039
18.05,1.0849834564789493,1.0850608281457697,0.02899693230586969,1.0282268408262651,1.1418948154652742,0.999992389543204,1083
18.15,1.1260698277132808,1.1299180884671853,0.032469190185148065,1.0662784757042951,1.1935577012300755,0.999936607113733,1124
18.25,1.0389200275226238,1.0388486932132746,0.04181972027315602,0.9568820414778887,1.1208153449486604,0.9998478946389306,1037
18.35,1.003865282062066,1.0162565459246202,0.034739026611488096,0.9481680537661036,1.084345038083137,0.9997611144471603,1002
18.450000000000003,0.9317405850729517,0.9292129486248518,0.027149716541972145,0.8759995042025864,0.9824263930471172,0.9997096329263385,930
18.55,0.9067028796408283,0.9065869824159674,0.031617457505057026,0.8446167657060556,0.9685571991258791,0.9997127551302532,905
18.65,0.9447838478964382,0.9462122658523008,0.03707004555826671,0.873554976558098,1.0188695551465035,0.9997687379609828,943
18.75,0.9638294467370893,0.953666416531845,0.02905876395229953,0.8967112391853379,1.010621593878352,0.999855898761042,962
18.85,1.0560149850248899,1.0484175041625687,0.030529177100669894,0.9885803170452557,1.1082546912798816,0.9999412279180849,1054
18.950000000000003,1.0760640018287573,1.0684025614136252,0.03148340499783758,1.0066950876178635,1.130110035209387,0.9999930952698735,1074
19.05,1.0991192158948655,1.1029329264789276,0.03936958417324156,1.0257685414993742,1.180097311458481,0.9999931675702144,1097
19.150000000000002,1.0851030428753696,1.0906892455985386,0.02081599375003328,1.0498898978484734,1.1314885933486039,0.9999430549173387,1083
19.25,1.0320104645829582,1.0378638661908153,0.03219292444081756,0.9747657342868129,1.1009619980948178,0.9998632873217846,1030
19.35,0.9328265727324971,0.9341001816972498,0.025957319541584555,0.8832238353957441,0.9849765279987556,0.9997851674496964,931
19.450000000000003,0.9067846482361683,0.9062027790240901,0.03925847403434934,0.8292561699167653,0.9831493881314148,0.9997387231704996,905
19.55,0.9198195008986354,0.9250947277762332,0.024774835539766022,0.8765360501182918,0.9736534054341747,0.9997413892431576,918
19.650000000000002,0.9809502340289638,0.9741895313316397,0.02964848753264322,0.916078495767659,1.0323005668956204,0.9997916771476253,979
19.75,1.0250481564524443,1.026475175699788,0.03348715376935569,0.9608403543118509,1.0921099970877253,0.9998701218604168,1023
19.85,1.032072513155044,1.025602467327912,0.04002258571656774,0.9471581993234393,1.1040467353323848,0.9999470003792263,1030
19.950000000000003,1.1002203642033228,1.1081866026419633,0.03291314294393132,1.0436768424718579,1.1726963628120688,0.9999937701249357,1098
20.05,1.0210708431322582,1.026053643074959,0.036528116882240315,0.954458533985768,1.09764875216415,0.9999938321133568,1019
20.150000000000002,1.0641688929455844,1.0606656536202133,0.0330413915829058,0.9959045261177178,1.1254267811227086,0.9999485667836726,1062
20.25,0.9649763780033939,0.9577315416881435,0.028929436029900932,0.9010298470695376,1.0144332363067492,0.9998764564137878,963
20.35,0.918891179845064,0.9151744810881516,0.026171709784996722,0.863877929909558,0.9664710322667451,0.9998057624481499,917
20.450000000000003,1.0010703248734012,1.0071197151343747,0.033967596510312274,0.9405432259741626,1.0736962042945868,0.9997636511551412,999
20.55,0.9439616579190225,0.9437166651530415,0.032193178484080105,0.8806180353242445,1.0068152949818385,0.9997659457905362,942
20.650000000000002,0.9710276148056408,0.9689483956847029,0.02955160150464416,0.9110272567356004,1.0268695346338055,0.999811365158813,969
20.75,1.0081151394215875,1.0160988073732518,0.041574454748157734,0.9346128760668626,1.097584738679641,0.9998823385877285,1006
20.85,1.0692541090034924,1.060183083900067,0.034864619912327824,0.9918484288719045,1.1285177389282295,0.9999519623597208,1067
20.950000000000003,1.0492223726202936,1.0530548130890716,0.031090505365110772,0.9921174225734545,1.1139922036046888,0.9999943506682002,1047
21.05,1.0412158265633829,1.031347890215568,0.0315833505818017,0.9694445230752367,1.0932512573558992,0.9999944042160668,1039
21.150000000000002,1.003144839130744,1.0064987393616873,0.0346127774945721,0.938657695472326,1.0743397832510486,0.9999533154646227,1001
21.25,0.9760967687377582,0.9754230536899584,0.03376731249156684,0.9092391212064874,1.0416069861734294,0.9998878104540985,974
21.35,0.9731000629934164,0.9734989035816672,0.03020082186516523,0.9143052927259434,1.032692514437391,0.9998235318779436,971
21.450000000000003,0.9310185569024835,0.9392183748820562,0.03701307043039235,0.8666727568384872,1.0117639929256252,0.9997851746560993,929
21.55,1.0312461750962452,1.0418511211131327,0.035909571945002286,0.9714683601009282,1.1122338821253372,0.9997871637689459,1029
21.650000000000002,0.9881622153355397,0.9834928499498856,0.028054381018769906,0.9285062631530966,1.0384794367466745,0.9998283885655882,986
21.75,1.051310905786155,1.0464777272199872,0.03428485564494743,0.9792794101558903,1.1136760442840843,0.9998929093051739,1049
21.85,1.0292727566096214,1.027848073169137,0.0390622011048632,0.9512861590036052,1.1044099873346689,0.9999562587790138,1027
21.950000000000003,1.0322897419267687,1.0270092284578234,0.03705866780736345,0.954374239555391,1.0996442173602556,0.9999948536882846,1030
22.05,0.9751728019875586,0.9739470024640797,0.0290416949607057,0.9170252803410965,1.030868724587063,0.9999949002610018,973
22.150000000000002,0.9631556584268203,0.965733338824123,0.03377244005616253,0.8995393563140445,1.0319273213342015,0.9999574356188795,961
22.25,1.0283117693275554,1.0255347354765865,0.041781969071296256,0.9436420760968458,1.1074273948563271,0.9998976682907286,1026
22.35,0.9932428631466332,0.9954508343718045,0.03635052566724087,0.9242038040640124,1.0666978646795966,0.999838969935156,991
22.450000000000003,0.9581732539551967,0.9590272447535192,0.03932981980138276,0.881940797942809,1.0361136915642295,0.9998038865327215,956
22.55,1.0153130075728805,1.0241104147904103,0.03128492297837166,0.9627919657528019,1.0854288638280187,0.9998056220415985,1013
22.650000000000002,1.0213369447617247,1.0148974726389706,0.03594527248414195,0.9444447385700523,1.0853502067078888,0.9998432073825884,1019
22.75,0.9672227976764679,0.9679877653885255,0.030921220347877355,0.9073821735066858,1.0285933572703652,0.9999021169582009,965
22.85,1.001311150581908,1.0048521233959604,0.023989783233274827,0.9578321482587417,1.051872098533179,0.9999600035564905,999
22.950000000000003,1.0644675686947511,1.0679703410328638,0.027560689664652412,1.013951389290145,1.1219892927755826,0.9999952923977952,1062
23.05,0.9602355487359404,0.9549642653720423,0.040475713276895676,0.8756318673493267,1.0342966633947577,0.999995333156064,958
23.150000000000002,0.9692662665652793,0.9635373161424818,0.02724652907951313,0.9101341191466361,1.0169405131383276,0.9999610334645844,967
23.25,0.9772948117907364,0.9731783295415612,0.027495454123183792,0.919287239460121,1.0270694196230015,0.9999062817124362,975
23.35,1.0023637008904698,1.0090435831786544,0.031043208943600607,0.9481988936491972,1.0698882727081116,0.9998524673127649,1000
23.450000000000003,0.9943547588727694,0.985137393482112,0.04163001008460549,0.9035425737162853,1.0667322132479389,0.9998202559948499,992
23.55,1.0094004836176051,1.01367826007113,0.036603209693133375,0.9419359690725886,1.0854205510696715,0.9998217792422643,1007
23.650000000000002,0.9913675131148917,0.9918684009593743,0.03050642011525532,0.9320758175334739,1.0516609843852747,0.9998561864745902,989
23.75,1.006413509567994,1.009916311439094,0.029137615315972507,0.952806585419788,1.0670260374584002,0.9999101862084057,1004
23.85,0.9573053153463708,0.961841750319482,0.027894172774283226,0.9071691716818869,1.0165143289570773,0.9999632872414922,955
23.950000000000003,0.921227648419707,0.9179274088839733,0.033292140864928724,0.8526748127887129,0.9831800049792336,0.9999956773098961,919
24.05,0.998424304769847,1.0011296263177971,0.041751813344552885,0.9192960721624734,1.0829631804731208,0.9999957131826881,996
24.150000000000002,1.04454674211038,1.0391514658145642,0.03133306424113775,0.9777386599019342,1.1005642717271942,0.9999641936943855,1042
24.25,0.9613535201660534,0.958398324300844,0.026008582728439953,0.9074215021531017,1.0093751464485863,0.9999138516878373,959
24.35,0.9653730146700337,0.9744052504224363,0.04421666836017604,0.8877405804364913,1.0610699204083813,0.9998643361643957,963
24.450000000000003,1.012498982073249,1.0176814957988916,0.03294435454746559,0.953110560885859,1.0822524307119241,0.9998346583063937,1010
24.55,0.9874470255179798,0.9832248163914249,0.04186014424832797,0.901178933664702,1.0652706991181478,0.9998360025422293,985
24.650000000000002,1.0225442270621103,1.0233866702799717,0.04417894953198781,0.9367959291972755,1.1099774113626677,0.9998676182324288,1020
24.75,0.9583941976521168,0.9552596399093896,0.03492796728236249,0.8868008240359591,1.02371845578282,0.9999172972687339,956
24.85,1.00351695608519,0.9975742904476471,0.03463060525212013,0.9296983041534916,1.0654502767418026,0.9999661825389743,1001
24.950000000000003,0.9884891497421847,0.9914264369286462,0.032966003805903164,0.9268130694690759,1.0560398043882164,0.9999960168740684,986
25.05,1.0376232528705276,1.0474092305840033,0.03736594700222618,0.97417197445964,1.1206464867083665,0.9999960486119971,1035
25.150000000000002,1.02059039794916,1.0097590758602148,0.04509078486938532,0.9213811375162196,1.0981370142042102,0.999966984505569,1018
25.25,0.9925291003668048,0.9867796952357544,0.033657291107828786,0.9208114046644099,1.0527479858070987,0.9999205401951633,990
25.35,1.033644204294685,1.0459830254570155,0.0415516366279021,0.9645418176663274,1.1274242332477036,0.9998748283158992,1031
25.450000000000003,1.023628820403734,1.0135121296364953,0.024958005749595273,0.9645944383672885,1.062429820905702,0.9998473964855902,1021
25.55,1.0176235748878846,1.025384259185036,0.03968127139753696,0.9476089672458635,1.1031595511242085,0.9998485886959807,1015
25.650000000000002,0.985550742712423,0.9791732506964147,0.031589842043809394,0.9172571602905483,1.041089341102281,0.999877739185746,983
25.75,0.9855606244261637,0.9930885706267029,0.043547325949606,0.9077358117654751,1.0784413294879307,0.9999235960534321,983
25.85,0.9675234370460162,0.9659333590607082,0.036891365491271276,0.8936262826978165,1.0382404354236,0.9999687483688797,965
25.950000000000003,1.0116486388038348,1.002995325072168,0.03419104298049309,0.9359808808304015,1.0700097693139343,0.9999963179438,1009
26.05,1.0186772279638683,1.0158753360696666,0.03430674515591996,0.9486341155640635,1.0831165565752698,0.999996346158686,1016
26.150000000000002,1.034729764157898,1.0361612054589213,0.031365855957610184,0.9746841277820053,1.0976382831358373,0.9999694613103893,1032
26.25,1.0297268636200747,1.0363918591538794,0.03406568977873008,0.9696231071875685,1.1031606111201904,0.9999264789597153,1027
26.35,0.9996572320585998,1.0048850983459885,0.03789153832720418,0.9306176832246683,1.0791525134673088,0.9998841487341026,997
26.450000000000003,1.0086913334517191,1.0083309513184844,0.032152236717142645,0.9453125673528848,1.071349335284084,0.9998587173748064,1006
26.55,0.973607461238629,0.9694503254817978,0.03847740273099296,0.8940346161290516,1.044866034834544,0.9998597796464163,971
26.650000000000002,0.9856495687678258,0.9929053802858192,0.03010721464978608,0.9338952395722385,1.0519155209994,0.9998867423369915,983
26.75,0.9846567470184237,0.9772439514291505,0.03529901991838848,0.9080578723891092,1.046430030469192,0.9999292017233699,982
26.85,0.9515770093622365,0.953137567301739,0.05258643055419239,0.8500681634155219,1.056206971187956,0.9999710328876179,949
26.950000000000003,1.0197718893153773,1.019913140341704,0.03472735073670985,0.9518475328977528,1.0879787477856555,0.9999965861251334,1017
27.05,1.0448505057362685,1.0433892859246208,0.0369338801601815,0.970998880810665,1.1157796910385764,0.9999966113196959,1042
27.150000000000002,1.1070312147588706,1.1028346141075842,0.029228778673679016,1.0455462079071733,1.160123020307995,0.9999716695080176,1104
27.25,0.964651003770352,0.963438501240567,0.033835466850055514,0.8971209862144581,1.0297560162666757,0.9999317759894674,962
27.35,0.9957464165701639,0.9933217481001699,0.026214141234348357,0.9419420312808472,1.0447014649194928,0.9998924656135797,993
27.450000000000003,0.967678678888561,0.9787110746197515,0.031160556201124918,0.9176363844655466,1.0397857647739563,0.9998688236896466,965
27.55,0.9767134561613936,0.9661772536927838,0.03954780033008403,0.8886635650458191,1.0436909423397485,0.9998697742394892,974
27.650000000000002,0.9847456186990506,0.9844064432907453,0.03381045540649138,0.9181379506940223,1.0506749358874685,0.9998947864313136,982
27.75,0.914559074155105,0.9147341827108152,0.030121270543025436,0.8556964924464854,0.973771872975145,0.9999342123635144,912
27.85,1.0148498519162394,1.0187096698428382,0.02607318162403078,0.9676062338597379,1.0698131058259386,0.9999730757642071,1012
27.950000000000003,1.0720211182714667,1.0697081778568092,0.04269594893594271,0.9860241179423614,1.1533922377712569,0.9999968260395349,1069
28.05,1.0479638013036936,1.0445471932964656,0.03670113484528878,0.9726129689996996,1.1164814175932316,0.999996848629929,1045
28.150000000000002,1.0058547696370732,1.0076933196356737,0.02961605742108378,0.9496458470903495,1.0657407921809978,0.9999736465798532,1003
28.25,1.0419676838490188,1.0429128026682235,0.03539563644721634,0.9735373552316795,1.1122882501047675,0.99993652052086,1039
28.35,0.9878233512485382,0.9816583879485078,0.03293881238327149,0.9170983156772957,1.04621846021972,0.9998999180182637,985
28.450000000000003,0.9136204044979703,0.9118573760792007,0.03335597646628837,0.8464796622052755,0.9772350899531259,0.9998778831572771,911
28.55,0.9276699780466895,0.9385681703606752,0.032760052151795914,0.8743584681431552,1.0027778725781953,0.999878737118593,925
28.650000000000002,0.9657893499250313,0.9610226240407037,0.028520601308036877,0.9051222454769514,1.016923002604456,0.9999020030023957,963
28.75,0.9337060258572704,0.931538965713903,0.03489200397440795,0.8631506379240634,0.9999272935037427,0.9999387093029006,931
28.85,1.0149516383930657,1.0335732793202386,0.04061001971419135,0.9539776406804236,1.1131689179600537,0.9999749099140341,1012
28.950000000000003,1.0631022996576693,1.066754108083324,0.03769181234183264,0.9928781558933321,1.140630060273316,0.9999970415243359,1060
29.05,1.0520806581496094,1.047816189903926,0.035882660674823416,0.9774861749812721,1.11814620482658,0.9999970618574417,1049
29.150000000000002,1.0731530936758278,1.0628869341627545,0.03478715608122685,0.9947041082435498,1.131069760081959,0.9999754236905857,1070
29.25,1.0089746174438812,1.0005180121268427,0.029906786960306464,0.941900709684642,1.0591353145690434,0.9999407868018746,1006
29.35,0.9327592505319474,0.9285088999801638,0.03596686175313077,0.8580138509440275,0.9990039490163002,0.9999066217325806,930
29.450000000000003,0.923741813432747,0.9265856716006114,0.03932797209536793,0.8495028462936903,1.0036684969075327,0.9998860355207185,921
29.55,0.9728974447074937,0.9809461140874625,0.029674743637935992,0.9227836165571079,1.039108611617817,0.9998868055487793,970
29.650000000000002,0.9217543504072193,0.9216092886614382,0.0322925401213797,0.858315910023534,0.9849026672993424,0.999908501783806,919
29.75,1.0461364861850426,1.0504518766322346,0.022530940408998293,1.006291233430598,1.0946125198338712,0.9999427604357645,1043
29.85,1.0140504280512843,1.011334712097932,0.0309639974933897,0.9506452770108881,1.0720241471849756,0.9999765628330639,1011
29.950000000000003,1.0792573742712548,1.075356025806005,0.04886434148274481,0.9795819164998253,1.171130135112185,0.9999972357871352,1076
