u_center,empirical_full,block_mean,block_se,block_ci95_low,block_ci95_high,gue_theory,pair_count_full,gue_bin_average,gue_expected_count_edgeweighted,observed_to_gue_expected_ratio,naive_count_z_diagnostic,residual_vs_gue_bin_average
0.05,0.00500014000969,0.005000435747598,0.0019869720010852,0.0011059706254708,0.0088949008697251,0.0081976598890978,5,0.010880075773905361,10.879743989186547,0.45956963738940315,-1.7825802018797257,-0.005879935764215361
0.15,0.0370014061161114,0.0370110461528783,0.0074422003009664,0.0224243335629841,0.0515977587427725,0.0718647521654609,37,0.07413404796904367,74.13115355394271,0.49911539516347014,-4.312588917922865,-0.037132641852932274
0.25,0.1210058085491379,0.121041977589325,0.0098942999928045,0.101649149603428,0.1404348055752219,0.1894305308612979,121,0.19095854114451258,190.9492591651866,0.6336761950740285,-5.0620231893131455,-0.06995273259537468
0.35,0.282016357731075,0.2821516862954215,0.0152236744534087,0.2523132843667403,0.3119900882241027,0.3433621178280764,282,0.34397032721535326,343.950238947669,0.8198860418378877,-3.34037464155644,-0.06195396948427828
0.45,0.4330294474375236,0.4333355279166359,0.0231296844793211,0.3880013463371665,0.4786697094961054,0.5118929491750097,433,0.5115819583831043,511.54702923555334,0.8464519882894588,-3.472857636714896,-0.07855251094558069
0.55,0.6420500823809703,0.6425610148980782,0.0218669631594872,0.5997017671054832,0.6854202626906731,0.6732506519270727,642,0.6721885543830427,672.1359952771292,0.9551638426019666,-1.1624036422825559,-0.030138472002072425
0.6500000000000001,0.8050708497723995,0.8039064159644814,0.0304654285965568,0.74419417591523,0.8636186560137329,0.8096138684826968,805,0.8080880987057939,808.0168839361029,0.9962663107713706,-0.10613249764446461,-0.0030172489333943897
0.75,1.032101151005406,1.0303859810314913,0.0331887843609962,0.9653359636839384,1.095435998379044,0.9099367256512552,1032,0.9082828445338806,908.1937611404556,1.1363213932499117,4.108216033068908,0.12381830647152525
0.8500000000000001,1.0061086652435416,1.006594450566055,0.0324071932440144,0.9430763518077864,1.070112549324323,0.9710961341504816,1006,0.9696220624379863,969.5173024215932,1.0376297539892096,1.171680389329013,0.03648660280555527
0.95,1.035122150639307,1.0337782302503955,0.0326158919624196,0.9698510820040532,1.0977053784967383,0.9972526250966456,1035,0.9961768215519744,996.0592568967605,1.0390948056891314,1.2338479586284248,0.0389453290873325
1.05,1.0071289191027084,1.0089194989248598,0.0267821020524109,0.9564265789021344,1.061412418947585,0.9977510151017892,1007,0.9971682598039076,997.0406225602487,1.009988938478933,0.31541022262150564,0.009960659298800856
1.15,0.9381294685221028,0.9360520409575612,0.0320135231094223,0.8733055356630934,0.998798546252029,0.984209419223987,938,0.9840897678865965,983.9539702496853,0.953296626022024,-1.464993330477595,-0.04596029936449375
1.25,0.949140480037184,0.9481686645987638,0.0282648183125538,0.8927696207061583,1.0035677084913694,0.967577221234452,949,0.9677947309947521,967.6515025133131,0.9807249795356398,-0.599589937069641,-0.01865425095756812
1.35,0.9221457065596824,0.9223488693402332,0.0289568153456741,0.8655935112627119,0.9791042274177544,0.9558638460542878,922,0.9562443325964874,956.0932444650178,0.9643410884216688,-1.1026005576801148,-0.034098626036805024
1.4500000000000002,0.9621616515422212,0.9626394518062524,0.0355817127046983,0.8928992949050436,1.0323796087074613,0.9529885004556192,962,0.9533617580525251,953.2015835039156,1.0092303838436167,0.28497852809443147,0.00879989348969612
1.55,0.9651718095143204,0.9658784700296807,0.0343249724452162,0.898601524037057,1.0331554160223049,0.9588588229793712,965,0.9591011977685195,958.9304611285066,1.0063294880260145,0.19600273878327898,0.0060706117458008135
1.65,1.0021884212392156,1.0021773985644686,0.0253833140345844,0.9524261030566832,1.051928694072254,0.9704543101685728,1002,0.9705117715364148,970.3292950441091,1.0326391309812524,1.016712490000943,0.03167664970280082
1.75,1.0071994358973406,1.005335032331976,0.0204686257021134,0.9652165259558334,1.0454535387081183,0.9834577659359448,1007,0.9833461401644015,983.151417299686,1.0242572835482617,0.7605930796330498,0.02385329573293915
1.85,1.0432170004807415,1.0436760432517609,0.0274348184040498,0.9899037991798232,1.0974482873236986,0.993898307355361,1043,0.9936840682034461,993.4773643209137,1.0498477745519015,1.5711757312748476,0.04953293227729538
1.95,0.969211299126478,0.9705978789427414,0.0251571577739172,0.9212898497058636,1.0199059081796191,0.9993479274555483,969,0.9991179420578019,998.9001207169918,0.9700669565486387,-0.9460452487184013,-0.029906642931323946
2.05,0.9882253271885898,0.9879186763668668,0.0315392869462412,0.926101673952234,1.0497356787814995,0.9994099926590656,988,0.9992406350449042,999.0127980924483,0.9889763193089453,-0.3484272803415467,-0.011015307856314438
2.1500000000000004,0.9592283083227428,0.958986612491306,0.0294438511831306,0.9012766641723698,1.016696560810242,0.9954823054459108,959,0.9954171041495948,995.1801866776432,0.963644587018529,-1.1468851853661877,-0.03618879582685208
2.25,0.9492354227579736,0.9491423397347868,0.029949238820036,0.8904418316475162,1.0078428478220574,0.9899929695168062,949,0.9900341693999467,989.7886324722847,0.9587905628190503,-1.2964862465770546,-0.04079874664197314
2.3500000000000005,0.989255241281271,0.9885038188464008,0.0308628009525475,0.9280127289794076,1.048994908713394,0.9854344697933796,989,0.98554896777027,985.2946855865231,1.0037606154459986,0.11804347764955989,0.003706273511000946
2.45,1.0052694263955724,1.0077647336437978,0.0309571148259001,0.9470887885850334,1.0684406787025622,0.9835332481812478,1005,0.9836689151281006,983.4052782229504,1.0219591273864952,0.688622717007038,0.021600511267471756
2.55,0.9682691930256097,0.9657758357543428,0.0244634455301578,0.9178274825152336,1.0137241889934523,0.984799434403374,968,0.984905161123619,984.6313408262163,0.9831090681998191,-0.5300177767218596,-0.01663596809800938
2.6500000000000004,1.0182932839387449,1.0202156228085104,0.0217397543519374,0.977605704278713,1.062825541338308,0.9885456546007746,1018,0.9885881806301873,988.3034484717589,1.0300480096210953,0.9446281099109546,0.02970510330855758
2.75,1.0243052590846973,1.0225121953426903,0.0372873448809842,0.9494289993759611,1.0955953913094194,0.9933010787674488,1024,0.9932735949609561,992.977579918973,1.0312418132175336,0.9844778584241021,0.031031664123741143
2.8500000000000005,1.004309343623058,1.0005434903348136,0.0299477868068713,0.9418458281933456,1.0592411524762817,0.9974289882331452,1004,0.9973497911610998,997.0425884191105,1.0069780485424609,0.22033872955367317,0.006959552461958118
2.95,0.9623060294986804,0.9645301979701164,0.029003506013232,0.9076833261841816,1.0213770697560511,0.9997150812007723,962,0.9996180044904004,999.3001081977749,0.9626737674780751,-1.1799459782901516,-0.03731197499172001
3.05,1.003329109360818,1.0049984700256391,0.0309119561328512,0.9444110360052508,1.0655859040460276,0.9997334581187556,1003,0.9996542907833562,999.3263876768605,1.003676088581709,0.11620896830588935,0.0036748185774618802
3.1500000000000004,0.9833323839427142,0.9820632167991746,0.0248301176257356,0.9333961862527328,1.0307302473456166,0.9978953849255452,983,0.9978593113900631,997.5220191124,0.9854419062094271,-0.45979660314840554,-0.014526927447348958
3.25,0.9933457026170908,0.9882293515049962,0.0334450101078559,0.9226771316935984,1.053781571316394,0.995203730951842,993,0.995217902100228,994.871550164972,0.9981188022065144,-0.05933595908673639,-0.0018721994831372157
3.3500000000000005,0.9473391653972528,0.9502069056379372,0.0299662134493274,0.8914731272772553,1.008940683998619,0.9928324223153432,947,0.992885581077311,992.5301107404352,0.9541272247081054,-1.445196366938093,-0.04554641568005813
3.45,1.009371468398595,1.007824483539318,0.021199507261994,0.9662734493058096,1.0493755177728263,0.9916957212525048,1009,0.9917642145144253,991.3992262155242,1.0177534673409656,0.5589944208651934,0.017607253884169727
3.55,0.997377028519554,1.000973282501988,0.0164005909485872,0.968828124242757,1.0331184407612188,0.9921569785525046,997,0.9922143940327595,991.8393160852527,1.0052031451375776,0.16386515010090683,0.005162634486794548
3.65,0.9803804077895688,0.9830427368802568,0.0269113739512382,0.9302964439358298,1.0357890298246837,0.9939622337724856,980,0.9939889569046323,993.6032668493862,0.9863091564779968,-0.4315555558940236,-0.013608549115063484
3.75,1.0274089304690888,1.0245206919242276,0.0388978658453243,0.9482808748673918,1.1007605089810633,0.9963974690260502,1027,0.9963868651169633,995.9902800569686,1.0311345608124385,0.9825853710202497,0.031022065352125483
3.850000000000001,1.0494281894481792,1.0499232186386953,0.0244046134342974,1.0020901763074723,1.0977562609699183,0.998591125446026,1049,0.9985505462047051,998.1431144401405,1.0509514966582574,1.6097311684416635,0.0508776432434741
3.95,0.9774085784994772,0.9775526650192968,0.0227665701445014,0.9329301875360738,1.0221751425025196,0.9998410827847924,977,0.9997878622748277,999.3699282066466,0.9776159682463239,-0.7076222037959466,-0.02237928377535059
4.050000000000001,0.9424033700873388,0.9405112209468304,0.0274330872989886,0.8867423698408128,0.9942800720528482,0.9998488336625344,942,0.9998031606553274,999.3752226366674,0.9425889082127797,-1.8149309003667096,-0.05739979056798861
4.15,0.9574193719886168,0.9547837441545314,0.0322282948215755,0.8916162863042434,1.0179512020048194,0.9987874557656392,957,0.9987649185613515,998.3274374435787,0.9586033240262273,-1.3079826209388976,-0.041345546572734704
4.25,0.9864419495058832,0.990284855196381,0.0293623633227102,0.9327346230838688,1.047835087308893,0.9971952613524612,986,0.9972017171265575,996.7549483328511,0.9892100376819403,-0.3406544983471421,-0.010759767620674321
4.35,1.0064609836637206,1.0035474245136613,0.031593099128455,0.9416249502218894,1.0654698988054332,0.9957490743524344,1006,0.995779440724969,995.3233504304246,1.0107268151249122,0.33841756172856713,0.010681542938751565
4.45,1.0124738629944303,1.0139049461340075,0.0384584650932919,0.9385263545511552,1.0892835377168597,0.9950086262950608,1012,0.9950496730118814,994.5839651981762,1.017510874306478,0.5522408861466016,0.01742418998254891
4.550000000000001,1.041497862490426,1.040340866362341,0.0237785643071863,0.9937348803202556,1.0869468524044263,0.9952256163365748,1041,0.9952614186710598,994.7856578132078,1.0464565827058496,1.465250971675892,0.04623644381936631
4.65,1.0265009591528176,1.023379890662839,0.0288264146014234,0.9668801180440492,1.079879663281629,0.9962798871284052,1026,0.9962977760983805,995.8115557691635,1.0303154186712755,0.956647963407784,0.030203183054437033
4.75,0.9894927936683068,0.990231268619285,0.0314731141864487,0.9285439648138456,1.0519185724247244,0.997754655210142,989,0.9977495042779785,997.2525973055035,0.9917246670223759,-0.2613292762651842,-0.008256710609671702
4.8500000000000005,1.0115138764368985,1.0126851102354606,0.029175106519809,0.9555019014566348,1.0698683190142864,0.9991122098809108,1011,0.9990876649793724,998.5801004589873,1.0124375596262172,0.3930308398751601,0.012426211457526093
4.95,0.9564954910789212,0.9543122456254736,0.0294462496667775,0.8965975962785897,1.0120268949723574,0.9998988060054984,956,0.9998652649325352,999.3473067763761,0.9566243822518492,-1.3712097611758434,-0.04336977385361407
5.050000000000001,0.9144828727049704,0.9161036181285482,0.0243209043274293,0.8684346456467867,0.9637725906103096,0.9999027740084196,914,0.9998730953592514,999.3451345257611,0.9145989392681022,-2.6997342492931606,-0.08539022265428098
5.15,1.009543163191693,1.0041961271890294,0.0193785760321705,0.9662141181659752,1.0421781362120837,0.9992126291610416,1009,0.9991972862669776,998.6596902287371,1.0103541875900635,0.3272086598961305,0.010345876924715336
5.25,1.0335664246181275,1.0336965745353666,0.031088698038853,0.9727627263792148,1.0946304226915184,0.9981619739928828,1033,0.9981654378413998,997.6184148937879,1.0354660505239162,1.1201986810352684,0.03540098677672776
5.3500000000000005,1.055589050121322,1.0571643505675328,0.0267688349238991,1.0046974341166903,1.109631267018375,0.9971896885119728,1055,0.9972092501417815,996.6527783430978,1.0585431786523511,1.8481969108643062,0.05837979997954057
5.45,1.0545990442285251,1.0523470007220963,0.0271547368391723,0.9991237165173183,1.1055702849268745,0.9966722774920608,1054,0.9966995557423699,996.1334003515814,1.0580912151203794,1.8334505961331904,0.057899488486155226
5.550000000000001,1.0325968728545367,1.0373725508020528,0.0220640270585757,0.9941270577672444,1.080618043836861,0.9967911150785792,1032,0.996815512015257,996.239321532825,1.035895670542449,1.1329843479201986,0.03578136083927974
5.65,0.9615654306627808,0.9657670650760286,0.0276480788830433,0.9115768304652636,1.0199572996867936,0.9974802054799574,961,0.9974929223478128,996.9063644526318,0.9639822096307442,-1.1372193753964053,-0.035927491685032065
5.75,0.9395618880151578,0.9406866115989662,0.0321040613129979,0.8777626514254901,1.0036105717724422,0.9984677325725166,939,0.9984648533115672,997.8677386030511,0.941006471774043,-1.8635491941125024,-0.05890296529640937
5.8500000000000005,0.9555810242965423,0.9469427914490796,0.0277117087798559,0.8926278422405619,1.001257740657597,0.9993897861618444,955,0.999373374414854,998.7657223080876,0.9561801918802864,-1.3848485670863317,-0.04379235011831162
5.95,0.9315757445673992,0.9340243233936496,0.0337716147039586,0.8678319585738906,1.0002166882134087,0.9999299624080142,931,0.999906907411507,999.2889316970353,0.9316624756555002,-2.1602538120105312,-0.06833116284410778
6.050000000000001,1.0056315703715877,1.007062864696104,0.0382547128097685,0.9320836275889576,1.0820421018032502,0.999932258565664,1005,0.999911438171851,999.2834604540843,1.0057206386097075,0.18083765327023185,0.0057201321997366605
6.15,1.0706831323449413,1.070007407213719,0.0303838180431807,1.0104551238490842,1.1295596905783531,0.9994478671934356,1070,0.9994367695480881,998.7990953581634,1.071286512946134,2.252923480841445,0.07124636279685315
6.25,1.0897061673400463,1.0894538872889168,0.0254321305951078,1.0396069113225053,1.1393008632553283,0.998703088849378,1089,0.998705157631038,998.0579627351523,1.0911189937462384,2.8786362960273104,0.09100100970900837
6.3500000000000005,0.9696380559493302,0.9701504042277318,0.0271721188116261,0.9168930513569444,1.0234077570985192,0.998005130124222,969,0.998018755437496,997.362024464827,0.9715629593175601,-0.898071290902143,-0.028380699488165795
6.45,1.0316892052375144,1.0362290555750535,0.0331435832446226,0.9712676324155932,1.101190478734514,0.997624140909992,1031,0.9976435618370101,996.9771004398831,1.0341260592094899,1.0775284148768767,0.03404564340050431
6.550000000000001,0.9426391435162198,0.9382033502164951,0.0311560944871361,0.8771374050217084,0.999269295411282,0.9976961324446812,942,0.997713804689556,997.0373183092454,0.9447991391108845,-1.7430167387889945,-0.05507466117333615
6.65,0.9716685437122397,0.9707673416868866,0.0313702603776111,0.9092816313467686,1.0322530520270046,0.9981810584981388,971,0.998190533336399,997.5037409937055,0.9734299332378417,-0.8391699277558203,-0.026521989624159303
6.75,0.9436587090120022,0.9466755367658906,0.027469274694932,0.8928357583638238,1.000515315167957,0.9988881077240896,943,0.9988863385705332,998.1890780070813,0.9447107975602496,-1.746814273583971,-0.055227629558531
6.8500000000000005,0.9897007456145448,0.9873961864156212,0.0253609314640875,0.9376887607460096,1.0371036120852328,0.9995549460690228,989,0.9995432115459845,998.8354966285555,0.9901530365493078,-0.31120696621507815,-0.00984246593143967
6.95,0.9716977162898066,0.9723842823961574,0.0341656209444339,0.9054196653450668,1.0393488994472475,0.9999486671321304,971,0.9999318521700217,999.2138625159935,0.9717639400588861,-0.8925515745165298,-0.02823413588021506
7.050000000000001,1.0617730121161366,1.0648598365215618,0.0292698493876843,1.0074909317217005,1.1222287413214231,0.9999501130556756,1061,0.9999347050805758,999.2067138224581,1.061842344854902,1.9548508161773352,0.06183830703556081
7.15,1.0337629578933334,1.0325954555110353,0.0252382152181199,0.9831285536835204,1.0820623573385504,0.9995915097447058,1033,0.9995831174900541,998.8453860747125,1.0341940949034256,1.080687794856195,0.03417984040327926
7.25,1.1318466666222862,1.131274241600614,0.0366263289263327,1.0594866369050018,1.2030618462962264,0.9990361837465652,1131,0.999037516436122,998.2901968530497,1.1329370994178816,4.200244789851374,0.13280915018616413
7.35,0.992752546713289,0.9975358025464454,0.0290537952940384,0.94059036377013,1.0544812413227609,0.9985110252104944,992,0.9985210497472284,997.7641306345548,0.9942229526422353,-0.1824819323992539,-0.005768503033939387
7.45,0.9827547960913288,0.9835205610885034,0.0289391886194374,0.926799751394406,1.0402413707826008,0.9982191490871212,982,0.9982336717970524,997.4669873997136,0.9844937350357486,-0.4897297262967583,-0.015478875705723594
7.550000000000001,0.9187147983840848,0.91978254911176,0.0242841202989808,0.8721856733257575,0.9673794248977624,0.9982660115294582,918,0.9982793946434171,997.5026915088852,0.9202982686807347,-2.51724098127287,-0.07956459625933232
7.65,0.9117184726282928,0.9036946794448418,0.0301309866353167,0.844637945639621,0.9627514132500626,0.9986255176971924,911,0.9986328389054623,997.8458736962497,0.9129666454654438,-2.749270396899691,-0.08691436627716953
7.75,1.003801076158348,1.0054628794329712,0.0192116315438606,0.9678080816070044,1.043117677258938,0.9991565354119264,1003,0.9991553717468571,998.3580026036883,1.004649632080081,0.14691351200465977,0.004645704411490925
7.85,1.0038111228293487,1.0026192132092748,0.0300973614379613,0.9436283847908706,1.061610041627679,0.9996611133421028,1003,0.9996523108425786,998.8445481609298,1.0041602588177723,0.13148290822506065,0.00415881198677015
7.95,1.12191777790163,1.1206524352742455,0.0410395241260724,1.0402149679871435,1.2010899025613475,0.99996076886436,1121,0.9999479652764738,999.1299638962176,1.12197615976658,3.8555465234586173,0.12196981262515627
8.05,1.0949066312577298,1.0934862026882022,0.0395368473603935,1.0159939818618309,1.1709784235145737,0.999961737497006,1094,0.999949876382092,999.1218736534328,1.0949615145544074,3.0016279876018026,0.09495675487563782
8.15,1.022857200257335,1.0276188667537618,0.0349844052730935,0.9590494324184984,1.0961883010890252,0.9996856028743832,1022,0.9996790375998802,998.8412619967456,1.0231856040437883,0.7327682645265751,0.02317816265745487
8.25,1.0038513115245007,1.0003735921470789,0.0245605051380031,0.9522350020765924,1.048512182217565,0.9992556754186054,1003,0.9992565836208732,998.4091690053061,1.0045981458676583,0.14529043522327661,0.004594727903627471
8.350000000000001,0.943809832229953,0.9456567897489474,0.0318029771017266,0.8833229546295631,1.0079906248683317,0.998846310150008,943,0.9988539899396408,997.9969275736028,0.9448926884902191,-1.7409000028374362,-0.055044157709687846
8.45,0.9238019030247046,0.918418643236082,0.0390212109436893,0.841937069786451,0.9949002166857132,0.9986157112455156,923,0.9986269775883521,997.7601230050227,0.9250720475981116,-2.3667747966546515,-0.07482507456364751
8.55,0.9588419083161656,0.9582500200922276,0.0257036832432359,0.9078708009354852,1.00862923924897,0.998647902906302,958,0.9986583858179385,997.78151662384,0.9601300325160889,-1.2593997674500235,-0.03981647750177297
8.65,0.9718630606561156,0.9716978930417975,0.0279509710201063,0.9169139898423893,1.026481796241206,0.9989249471674154,971,0.9989307691995748,998.04367082542,0.9729033191472936,-0.8560337127952696,-0.02706770854345919
8.75,1.0759662695043872,1.080771125920723,0.0329248243066781,1.016238470279634,1.1453037815618123,0.9993383106374378,1075,0.9993375048802231,998.4400513394896,1.0766795648449787,2.4229287129096173,0.07662876462416413
8.850000000000001,1.0139206893411314,1.013840754015518,0.0328154123036623,0.9495225459003398,1.0781589621306964,0.9997333710865168,1013,0.9997265259805448,998.8187253541173,1.0141980464381612,0.4487163870136235,0.014194163360586654
8.95,1.0469611618755446,1.0425256958258862,0.0261438806149144,0.9912836898206536,1.0937677018311185,0.9999690458368932,1046,0.9999589724364643,999.040960781916,1.0470041180106677,1.4856877939440665,0.0470021894390803
9.05,1.02795399245359,1.0264439113530277,0.0259737538972651,0.975535353714388,1.0773524689916674,0.9999697261274042,1027,0.9999603146084894,999.0323017790679,1.0279947887281797,0.8848445077574266,0.02799367784510065
9.15,0.9889276638895242,0.986939526403949,0.0246520338368299,0.9386215400837624,1.0352575127241357,0.9997505683289885,988,0.9997452936152635,998.8074824940613,0.9891796140062201,-0.3419665659194814,-0.010817629725739297
9.25,1.0189660315998978,1.0197894485324992,0.0380704813341436,0.9451713051175776,1.0944075919474208,0.99940791127163,1018,0.9994085577089583,998.4610678848949,1.0195690475508432,0.6183512688215237,0.019557473890939536
9.35,0.9829417086582696,0.9801801669714788,0.0237741777121013,0.9335827786557604,1.0267775552871976,0.99907989201217,982,0.9990859612481768,998.1287857933265,0.9838409772136697,-0.5105148549750568,-0.01614425258990726
9.45,0.9599292613624468,0.962064640370986,0.0322820088492708,0.8987919030264151,1.025337377715557,0.9988931812906464,959,0.998902174272399,997.9351851785156,0.9609842545319708,-1.2325117746600014,-0.038972912909952195
9.55,0.945925164432039,0.9469816805273076,0.0303774421388132,0.8874418939352335,1.0065214671193814,0.998916239381683,945,0.9989246709108354,997.9476700735872,0.9469434403612738,-1.6760731532337376,-0.052999506478796365
9.650000000000002,0.9599484799734838,0.9624540199281464,0.0294175238998043,0.9047956730845298,1.0201123667717629,0.9991362115432246,959,0.9991409497450036,998.1537452913008,0.9607738332135656,-1.2392946958290978,-0.0391924697715198
9.75,1.0250230278594443,1.0228066561617528,0.0311341879352067,0.9617836478087476,1.083829664514758,0.9994670812168712,1024,0.9994665004322241,998.4689790699628,1.025570169394565,0.8079805257537057,0.025556527427220255
9.85,1.058066588339171,1.064875957636319,0.0247762745653016,1.0163144594883278,1.11343745578431,0.9997847608227342,1057,0.9997792866665213,998.7714548566673,1.0583001695334684,1.8424804079130712,0.05828730167264984
9.95,1.0120303021226746,1.0109896451190117,0.0236930068667213,0.9645513516602376,1.0574279385777854,0.9999749551188072,1011,0.9999668234217993,998.9488024966737,1.0120638790228356,0.38129278613740686,0.012063478700875319
10.05,0.9730002979751502,0.9796092623134932,0.0414317566875678,0.8984030192058603,1.0608155054211263,0.9999754510447734,972,0.9999678018346858,998.9397798578318,0.9730316277306867,-0.8523626059719855,-0.026967503859535613
10.150000000000002,1.106148243487123,1.0940806605095106,0.0334266951901375,1.028564337936841,1.1595969830821802,0.9997972962889052,1105,0.9997929664887216,998.7551259057143,1.1063773004398232,3.3618511108790985,0.10635527699840142
10.25,0.982029221852024,0.9687027719891436,0.0377569079757058,0.8946992323567602,1.042706311621527,0.9995178051938496,981,0.9995182815257402,998.4707303977985,0.9825025112245023,-0.5528959296605718,-0.017489059673716167
10.35,0.9780348163667808,0.9842349966728164,0.0338379364666937,0.9179126411980968,1.0505573521475362,0.99924910135064,977,0.9992540173516511,998.196750051854,0.9787649578595072,-0.6709052694625456,-0.02121920098487029
10.45,0.9199825941423364,0.9191412243980056,0.0332984643707892,0.8538762342312586,0.9844062145647524,0.9990948771521524,919,0.9991022208380924,998.0351224595435,0.9208092774683415,-2.5017690646719077,-0.079119626695756
10.55,0.9089799329597568,0.9090639580493164,0.0263490260049992,0.8574198670795179,0.9607080490191148,0.999111954558145,908,0.9991188822561947,998.0417742070676,0.9097815577122463,-2.8501629093417242,-0.09013894929643795
10.650000000000002,1.0431349917884107,1.0441244144232027,0.0364645226611759,0.972653950007298,1.1155948788391077,0.9992908096668116,1042,0.9992947396716316,998.2074484393802,1.0438711929359834,1.386084946413803,0.04384025211677911
10.75,0.9800761814112868,0.984047533460348,0.0293978941527032,0.9264276609210496,1.0416674059996462,0.9995616173774264,979,0.9995611850376841,998.4636077098996,0.9805064425387102,-0.6159666835933023,-0.019485003626397268
10.85,1.0511647530680146,1.0486539159612744,0.0261484729849821,0.9974029089107096,1.0999049230118394,0.9998226078865444,1050,0.9998181309096036,998.7102727695975,1.0513559624135709,1.6229705184774148,0.051346622158411015
10.95,1.0711976632791784,1.0723411569707386,0.0359062202824282,1.0019649652171791,1.142717348724298,0.9999793206492752,1070,0.9999726189443785,998.8545894713882,1.0712269946782376,2.2511050124555423,0.07122504433479993
11.05,1.0451790252349389,1.0541226811359297,0.0288435216317155,0.9975893787377672,1.1106559835340923,0.9999796932425604,1044,0.9999733540234967,998.845323589282,1.0452068757237185,1.428741349875495,0.045205671211442144
11.150000000000002,1.0632099979382337,1.0646378552547433,0.0347744390483089,0.9964799547200576,1.132795755789429,0.999832025232148,1062,0.9998284077712479,998.6905421234588,1.0633924676426092,2.0033329129003405,0.06338159016698575
11.25,0.9741183479066714,0.9738035478198636,0.0339605538669996,0.9072408622405442,1.040366233399183,0.9995997187806722,973,0.9996000798166703,998.4524775127182,0.9745080731572484,-0.8055015175162566,-0.025481731909998917
11.35,0.933080565312298,0.929036144581844,0.0339423943291503,0.8625090516967094,0.9955632374669786,0.999375589353055,932,0.9993796516027933,998.2223079820726,0.9336597595019266,-2.095997098726089,-0.0662990862904953
11.45,0.9400980935349476,0.9414504644870856,0.0295482523622736,0.8835358898570292,0.999365039117142,0.9992460732801276,939,0.9992521827341526,998.0849935640474,0.9408016411978486,-1.8702231548206438,-0.05915408919920506
11.55,0.9501193006394726,0.9405912742405352,0.0322474394034763,0.8773862930097215,1.0037962554713489,0.9992590717730772,949,0.9992648645048122,998.0876672108504,0.9508182809752318,-1.55377471222355,-0.049145563865339637
11.650000000000002,0.9991870980193344,0.99299882035375,0.0342302828755573,0.9259074659176576,1.0600901747898426,0.9994073337835212,998,0.9994106454274201,998.223281654538,0.9997763209307562,-0.007067066765376747,-0.0002235474080857225
11.75,1.1003182520591128,1.1058700499640537,0.0323211223980066,1.0425206500639606,1.1692194498641468,0.9996330604485564,1099,0.9996327299849949,998.4351054638465,1.1007225146489954,3.182632410928474,0.10068552207411796
11.85,1.0412579071073833,1.0426154981039122,0.0384994209931465,0.9671566329573448,1.1180743632504797,0.9998512842096084,1040,0.999847555030565,998.6396741616288,1.0414166659992692,1.308818857164261,0.04141035207681831
11.95,1.0502793089063382,1.048948624693152,0.0317072711264469,0.9868023732853162,1.111094876100988,0.9999826368176308,1049,0.9999770185859868,998.7589811027531,1.0503034464248568,1.5897472762762892,0.050302290320351495
12.05,1.087335319491795,1.0881602997792332,0.0381334469081779,1.0134187438392044,1.162901855719262,0.9999829238074396,1086,0.9999775847741427,998.7495463981464,1.0873596928444278,2.760828286437771,0.08735773471765229
12.150000000000002,0.985219767588362,0.9868944194623844,0.0346693188017962,0.9189425546108636,1.0548462843139048,0.9998585375327184,984,0.9998554702501903,998.6175828306003,0.9853621815979181,-0.46256839813342,-0.014635702661828232
12.25,0.9461808971907144,0.9481360549220904,0.0381711451404384,0.8733206104468312,1.02295149939735,0.999662403386448,945,0.9996626835256824,998.4150376507008,0.946500167128504,-1.6904720012875563,-0.05348178633496803
12.35,0.94819289073451,0.9513550114961214,0.0288035974389455,0.8948999605157881,1.0078100624764548,0.999472614594135,947,0.9994760273174723,998.2186190637594,0.9486899782416421,-1.6211195078076568,-0.05128313658296235
12.45,0.9221693735830347,0.9197485500709937,0.0312407970131915,0.8585165879251382,0.9809805122168492,0.9993623220413086,921,0.999367483973368,998.1002179716423,0.922753029622289,-2.440442225042526,-0.07719811039033331
12.55,0.961228516040608,0.9579197002756724,0.0316754864118551,0.8958357469084365,1.0200036536429085,0.9993724437530068,960,0.9993773590032164,998.1000860622997,0.9618273892625218,-1.2059766806703145,-0.038148842962608454
12.650000000000002,1.0823941986286092,1.0791862879121332,0.0257420245980503,1.0287319196999545,1.129640656124312,0.9994973323091062,1081,0.9995001604801544,998.2127349695271,1.0829354927364256,2.6203058252050155,0.08289403814845475
12.75,1.0703894401414145,1.0712266576751726,0.0422495708934517,0.9884174987240072,1.154035816626338,0.9996883623724956,1069,0.9996881041347127,998.3904390924309,1.0707233945186367,2.234669513116811,0.07070133600670181
12.85,1.051375272746617,1.057041411956503,0.0302077205904542,0.9978342795992128,1.1162485443137933,0.9998735299969642,1050,0.9998703759044638,998.5624750522336,1.0515115741206635,1.62776775951926,0.0515048968421532
12.95,1.019343567010508,1.0142086501584395,0.0308798640696635,0.9536841165818988,1.0747331837349805,0.9999852148545773,1018,0.9999804371178701,998.6623920351398,1.0193635087483897,0.6119182469909703,0.019363129892637887
13.05,1.0033324971533566,0.999961164781823,0.0339426375737143,0.9334335951373428,1.066488734426303,0.9999854405786746,1002,0.9999808824341053,998.6528365116486,1.003351678747585,0.10591797169790962,0.0033516147192512724
13.150000000000002,0.9542768910921922,0.9601505382095782,0.0313518362657673,0.8987009391286742,1.0216001372904822,0.9998792346682688,953,0.9998766010836919,998.5386944222321,0.9543946622433281,-1.441113298850498,-0.04559970999149976
13.25,0.9462756481213224,0.9449261521917902,0.0394063905252568,0.8676896267622868,1.0221626776212935,0.999711438423233,945,0.9997116601360865,998.3639765456777,0.9465485756704523,-1.6888992137647094,-0.05343601201476411
13.35,0.968315042494814,0.9708113426971534,0.0297439140286339,0.9125132712010308,1.029109414193276,0.9995486645032694,967,0.9995515716974278,998.1941078299901,0.9687494570592046,-0.9873362174259132,-0.031236529202613772
13.45,0.9843466585976344,0.9812863062981964,0.033860842336268,0.9149190553191112,1.0476535572772818,0.9994536190611404,983,0.9994580378387095,998.090705801484,0.9848804264845189,-0.4776662388802818,-0.015111379241075085
13.55,1.003382735719886,1.002048437681872,0.0410895340359667,0.921512950971377,1.0825839243923667,0.9994616539655392,1002,0.9994658768854032,998.0885388363494,1.0039189520883698,0.12380964783031222,0.003916858834482673
13.650000000000002,1.060472014266571,1.0598117356471428,0.040264256671531,0.980893792570942,1.1387296787233436,0.9995682854160606,1059,0.9995707285335113,998.1832496754787,1.0609274402714066,1.924943875259308,0.06090128573305964
13.75,1.0454616339198133,1.0477451082494134,0.0334771791850661,0.9821298370466836,1.1133603794521432,0.999732043150698,1044,0.9997318375358178,998.3341371652843,1.0457420628371794,1.445285704384976,0.045729796383995436
13.85,1.014428391947463,1.0150413972126464,0.0338778066168873,0.9486408962435472,1.0814418981817455,0.9998911335058386,1013,0.9998884311232307,998.4805124288373,1.014541583326292,0.45949574358324996,0.014539960824232367
13.95,0.9693746471350888,0.9761268815195734,0.0322561864522509,0.9129047560731616,1.0393490069659852,0.9999872586125548,968,0.9999831459636539,998.5650936023022,0.9693909853267159,-0.9672473306053485,-0.03060849882856509
14.05,0.9874100974124552,0.9845930072893664,0.0308663422133731,0.9240949765511552,1.0450910380275775,0.999987439339166,986,0.9999835025048944,998.5554493457341,0.9874263874340071,-0.3973252517336509,-0.012573405092439205
14.150000000000002,0.9643868628556884,0.9621609931005168,0.0282174624484208,0.906854766701612,1.0174672194994216,0.9998957008174592,963,0.9998934151244391,998.4554912067895,0.9644896627651014,-1.122067934477266,-0.03550655226875066
14.25,0.9954414767433212,1.0003944479264266,0.0327085061768548,0.9362857758197912,1.064503120033062,0.9997505172455714,994,0.9997506957123515,998.3029790109667,0.9956897063302067,-0.13618774978764886,-0.0043092189690303595
14.35,0.9814310033272888,0.970770405989167,0.0332121275105792,0.9056746360684316,1.0358661759099024,0.9996093766316644,980,0.9996118827156638,998.1543703399168,0.9818120614612603,-0.5746221123067967,-0.018180879388374982
14.45,1.0315143444646984,1.031767779249877,0.0373245521800699,0.9586116569769398,1.104923901522814,0.9995266259848802,1030,0.9995304511907935,998.0630616390757,1.0319989182932745,1.0109141809019018,0.03198389327390483
14.55,1.0595661229227575,1.0699875314509153,0.0320752171328556,1.007120105870518,1.1328549570313124,0.9995331104838532,1058,0.9995367776021841,998.0593827781404,1.0600571651909252,1.897330638064762,0.06002934532057347
14.650000000000002,0.9564232342864752,0.9548737716501512,0.0363846417759153,0.8835598737693571,1.026187669530945,0.9996252110539852,955,0.9996273425815959,998.1398170224151,0.9567797854702291,-1.3654714008297069,-0.04320410829512067
14.75,0.9534283124011308,0.9623044727009396,0.0235682798468484,0.9161106442011168,1.008498301200763,0.9997671446512096,952,0.9997669782800715,998.2692467019684,0.9536505338065553,-1.4644298842242465,-0.046338665878940755
14.85,0.9784756205707036,0.9697340846147302,0.0286332772347131,0.9136128612346924,1.025855307994768,0.9999053019847124,977,0.9999029608425857,998.3950260079474,0.9785705803308188,-0.6771137209932705,-0.02142734027188209
14.95,1.0025219100854712,0.995680640442418,0.0213773684144283,0.9537809983501384,1.0375802825346978,0.9999889061381853,1001,0.9999853287871401,998.4672694026009,1.002536618550265,0.08015342423244569,0.0025365812983311198
15.05,0.9985258295065322,1.0010709504037802,0.0366998447825789,0.9291392546299256,1.073002646177635,0.9999890530751304,997,0.9999856186658391,998.4575585171941,0.9985401898110133,-0.04612763569102817,-0.0014597891593068901
15.150000000000002,0.985515804810158,0.9826982384994402,0.0414918172750106,0.9013742766404194,1.064022200358461,0.9999090152683232,984,0.9999070128721,998.3690732853252,0.9856074535261384,-0.4547609867230974,-0.014391208061942051
15.25,1.0215814931881515,1.024155448457273,0.0340026624793785,0.9575102299976912,1.0908006669168548,0.9997821635396026,1020,0.9997823093140794,998.2345631876951,1.0218039302734625,0.6888919121509199,0.021799183874072092
15.35,0.9995573941633142,0.9944135523253838,0.0312492789184132,0.9331649656452938,1.0556621390054737,0.9996586143489437,998,0.9996607968715849,998.103241684706,0.9998965621186324,-0.00326788940063766,-0.00010340270827069453
15.45,0.9645124368289556,0.9646793358642672,0.0370535466136559,0.8920543845015015,1.0373042872270328,0.9995859210616056,963,0.9995892646861808,998.0218244630528,0.9649087589022465,-1.1085843612085575,-0.03507682785722521
15.55,0.9775426452488356,0.9762424904151428,0.0323842473431961,0.9127693656224783,1.0397156152078073,0.9995912297110572,976,0.9995944438995777,998.0169990032746,0.977939254516443,-0.6969299902594005,-0.022051798650742138
15.650000000000002,0.945501537187276,0.9578777177645744,0.0242301647271037,0.9103865948994512,1.005368840629698,0.9996715771700596,944,0.9996734530373061,998.0858861311294,0.9458103887824905,-1.7119851464894187,-0.05417191585003012
15.75,0.9465126084920954,0.9498631779996264,0.0353695970758006,0.8805387677310571,1.0191875882681958,0.999795774888098,945,0.9997956383770076,998.1978789159356,0.9467060789853514,-1.6837825147841117,-0.05328302988491218
15.85,0.961546249524233,0.9541897295866522,0.0323698109432195,0.8907449001379417,1.0176345590353626,0.9999168743123076,960,0.9999148265707465,998.3068769709872,0.9616281547741953,-1.2123966158871715,-0.03836857704651353
15.95,0.9795850538611668,0.9739608078903268,0.0310606879724338,0.9130818594643564,1.034839756316297,0.9999902536105176,978,0.9999871134651508,998.3690472640772,0.9795976775122422,-0.6446517440060808,-0.020402059603984002
16.05,0.9906128043841697,0.99487372548938,0.039209568023902,0.918022972162532,1.071724478816228,0.999990374682504,989,0.9999873523161292,998.3592853784518,0.9906253334690989,-0.2962096882117876,-0.009374547931959576
16.15,1.0346949214385823,1.0322338300187144,0.0317561727852636,0.9699917313595976,1.0944759286778312,0.9999199338896136,1033,0.9999181652403409,998.2802112728567,1.034779602295105,1.0988814511584544,0.03477675619824139
16.25,1.0126689682232817,1.011730821111,0.047665017227115,0.9183073873458544,1.1051542548761455,0.9998081492380736,1011,0.9998082698414232,998.1604972865742,1.0128631645394994,0.40639468009331114,0.012860698381858438
16.35,1.01768741649463,1.0212610265283568,0.0357827836688605,0.95112677053739,1.0913952825193236,0.9996990970061777,1016,0.9997010147578456,998.0434213978083,1.017991780935786,0.5683931989097473,0.01798640173678434
16.450000000000003,0.9385656116490384,0.9305514900918233,0.0348254663641714,0.8622935760180472,0.9988094041655992,0.9996347347944232,937,0.9996376823396668,997.970197023611,0.9389057937747528,-1.9300066814792232,-0.061072070690628366
16.55,0.9135329908147954,0.9214283194485664,0.029777980523212,0.8630634776230709,0.979793161274062,0.9996391355398652,912,0.9996419757755141,997.9644862784876,0.9138601749256048,-2.721206682822745,-0.08610898496071862
16.65,0.9846621992003954,0.981611935019845,0.0407473604742609,0.9017471084902936,1.0614767615493963,0.9997098426694584,983,0.9997115061985948,998.0239023219482,0.9849463501956272,-0.4755676232143138,-0.015049306998199397
16.75,0.94760912685284,0.9476833070188608,0.030843995649201,0.8872290755464267,1.008137538491295,0.999819432063012,946,0.999819318673348,998.1215340504679,0.9477803731586133,-1.6497778815695345,-0.0522101918205079
16.85,0.992695615320748,0.9923853557458,0.0384103810900884,0.9171010088092264,1.0676697026823732,0.9999264480867972,991,0.9999246418807944,998.2166786428832,0.9927704287082294,-0.22841517624387792,-0.007229026560046425
16.950000000000003,1.08185873329021,1.076399071710274,0.0339129461797518,1.0099296971979603,1.1428684462225878,0.9999913697031864,1080,0.9999885912518994,998.2705184038211,1.08187107611558,2.586750975383534,0.08187014203831067
17.05,1.0498141764887448,1.0517543687709132,0.0402095401053434,0.9729436701644402,1.1305650673773864,0.9999914706414624,1048,0.9999887903823302,998.2607168203995,1.049825944606963,1.5742638814686785,0.049825386106414515
17.15,1.097908267223998,1.1026736859346806,0.0338578014117785,1.0363123951675943,1.1690349767017667,0.99992899882506,1096,0.9999274252823303,998.1894579944463,1.0979879533110615,3.0958447673243916,0.09798084194166767
17.25,0.9967423994489684,0.996264480618768,0.0447955425932127,0.908465217136071,1.0840637441014649,0.9998297480636128,995,0.9998298489727795,998.0820524583385,0.9969120249675393,-0.09755665553965688,-0.0030874495238111255
17.35,1.0278069818852915,1.029666651793479,0.0290416387969867,0.9727450397513848,1.086588263835573,0.9997327836272504,1026,0.9997344819830278,997.9768542757614,1.0280799555662794,0.8870674646068301,0.02807249990226368
17.450000000000003,1.0177995664477584,1.0153946565791525,0.0376482912302236,0.941604005767914,1.0891853073903908,0.9996753994538894,1016,0.9996780173233826,997.9104915217978,1.0181273858045283,0.5726390653794583,0.018121549124375802
17.55,0.9336601370387084,0.9326877916316516,0.0307792418048974,0.8723604776940527,0.9930151055692508,0.9996790880665188,932,0.9996816159842654,997.9040864109546,0.9339574942036923,-2.0862576563780024,-0.06602147894555699
17.65,0.9366748647674936,0.9348886355617354,0.0327735436392764,0.8706524900287534,0.9991247810947174,0.9997417902701536,935,0.9997432755332509,997.9556383094007,0.936915393938701,-1.9928702020167202,-0.06306841076575731
17.75,0.9677400903027872,0.9651960653742516,0.0233044455856223,0.919519352026432,1.0108727787220717,0.9998392046282208,966,0.9998391094198805,998.0413018905546,0.9678958157043602,-1.0142287024959376,-0.03209901911709334
17.85,1.02485303398451,1.0286401383687456,0.0341529595404598,0.9617003376694444,1.095579939068047,0.9999344583540828,1023,0.9999328533554791,998.1248774144971,1.0249218541170304,0.7873589881490857,0.024920180629031008
17.950000000000003,1.040892444285237,1.0329793613519338,0.0397069731303867,0.9551536940163756,1.110805028687492,0.999992304510827,1039,0.9999898286802971,998.1717493260543,1.0409030316691612,1.292284500531078,0.04090261560493991
18.05,1.0849834564789491,1.0850608281457697,0.0289969323058696,1.0282268408262651,1.1418948154652742,0.999992389543204,1083,0.9999899964311443,998.1619163820563,1.0849943102672643,2.6852847896458987,0.08499346004780484
18.15,1.1260698277132808,1.1299180884671851,0.032469190185148,1.0662784757042951,1.1935577012300755,0.999936607113733,1124,0.9999351981030344,998.0972183777553,1.126142803831153,3.9851888140929166,0.12613462961024635
18.25,1.0389200275226238,1.0388486932132746,0.041819720273156,0.9568820414778888,1.1208153449486604,0.9998478946389306,1037,0.999847979918704,998.0001615029242,1.0390779881621908,1.2345182165995277,0.0390720476039198
18.35,1.003865282062066,1.0162565459246202,0.034739026611488,0.9481680537661036,1.084345038083137,0.9997611144471604,1002,0.9997626289835593,997.9049701220797,1.0041036270993011,0.12963207774112748,0.004102653078506657
18.450000000000003,0.9317405850729517,0.9292129486248518,0.0271497165419721,0.8759995042025864,0.9824263930471172,0.9997096329263384,930,0.9997119734730591,997.8444110352226,0.9320090283766416,-2.1477447300597166,-0.06797138840010741
18.55,0.9067028796408284,0.9065869824159674,0.031617457505057,0.8446167657060556,0.9685571991258792,0.9997127551302532,905,0.999715019532804,997.8374536671826,0.9069613459326539,-2.9389575934732837,-0.09301213989197554
18.65,0.9447838478964382,0.9462122658523008,0.0370700455582667,0.873554976558098,1.0188695551465037,0.9997687379609828,943,0.9997700721201799,997.8824045825547,0.945001130062501,-1.7373745225175627,-0.054986224223741664
18.75,0.9638294467370891,0.953666416531845,0.0290587639522995,0.8967112391853379,1.010621593878352,0.999855898761042,962,0.9998558180458457,997.9579895002364,0.9639684336629805,-1.1382542264466315,-0.03602637130875652
18.85,1.05601498502489,1.0484175041625687,0.0305291771006698,0.9885803170452556,1.1082546912798816,0.9999412279180848,1054,0.9999397922984247,998.031804438823,1.0560785691520593,1.7716140451840638,0.05607519272646544
18.950000000000003,1.0760640018287573,1.0684025614136252,0.0314834049978375,1.0066950876178635,1.130110035209387,0.9999930952698736,1074,0.9999908751838259,998.0727894416578,1.0760738208290574,2.4033462114446666,0.07607312664493138
19.05,1.0991192158948655,1.1029329264789276,0.0393695841732415,1.0257685414993742,1.180097311458481,0.9999931675702144,1097,0.9999910178166921,998.062931395731,1.099129088449274,3.131699446719699,0.09912819807817341
19.15,1.0851030428753696,1.0906892455985386,0.0208159937500332,1.0498898978484734,1.131488593348604,0.9999430549173388,1083,0.9999417859312285,998.0037945117389,1.0851662147535666,2.6905027578226943,0.08516125694414112
19.25,1.0320104645829582,1.0378638661908153,0.0321929244408175,0.9747657342868128,1.1009619980948178,0.9998632873217846,1030,0.9998633600401295,997.9155214568627,1.0321514976501187,1.0156594096866136,0.03214710454282865
19.35,0.9328265727324973,0.9341001816972498,0.0259573195415845,0.8832238353957441,0.9849765279987556,0.9997851674496964,931,0.9997865264520533,997.8288391287408,0.933025748998102,-2.115611364587965,-0.0669599537195561
19.450000000000003,0.9067846482361684,0.90620277902409,0.0392584740343493,0.8292561699167653,0.9831493881314148,0.9997387231704996,905,0.9997408282247315,997.7732323994693,0.907019722130282,-2.9370190546495563,-0.09295617998856309
19.55,0.9198195008986354,0.9250947277762332,0.024774835539766,0.8765360501182918,0.9736534054341748,0.9997413892431576,918,0.9997434292736579,997.7658303124364,0.9200555602435706,-2.5252395165675163,-0.07992392837502249
19.65,0.9809502340289638,0.9741895313316395,0.0296484875326432,0.916078495767659,1.0323005668956204,0.9997916771476252,979,0.9997928821200847,997.8051868337446,0.9811534485068998,-0.5953258956231775,-0.018842648091120906
19.75,1.0250481564524443,1.026475175699788,0.0334871537693556,0.9608403543118508,1.0921099970877253,0.9998701218604168,1023,0.9998700528399012,997.8722048777244,1.025181375931154,0.7954573874790807,0.025178103612543135
19.85,1.032072513155044,1.025602467327912,0.0400225857165677,0.9471581993234393,1.1040467353323848,0.9999470003792263,1030,0.9999457086836319,997.9377095699202,1.0321285488288618,1.0149457441892984,0.03212680447141203
19.950000000000003,1.1002203642033228,1.1081866026419631,0.0329131429439313,1.043676842471858,1.1726963628120688,0.9999937701249356,1098,0.9999917681113493,997.9736760814941,1.1002294211920052,3.166319717008357,0.10022859609197354
20.05,1.0210708431322582,1.026053643074959,0.0365281168822403,0.954458533985768,1.09764875216415,0.9999938321133568,1019,0.9999918904007635,997.9637977057951,1.0210791236541494,0.665901426168503,0.021078952731494627
20.15,1.0641688929455844,1.0606656536202133,0.0330413915829058,0.9959045261177178,1.1254267811227086,0.9999485667836726,1062,0.9999474179489074,997.9094154665173,1.064224852015772,2.0288440815566027,0.06422147499667696
20.25,0.964976378003394,0.9577315416881436,0.0289294360299009,0.9010298470695376,1.0144332363067492,0.9998764564137878,963,0.9998765189213703,997.8286616449207,0.9650955489818206,-1.1025766705376445,-0.03490014091797633
20.35,0.918891179845064,0.9151744810881516,0.0261717097849967,0.863877929909558,0.9664710322667452,0.99980576244815,917,0.9998069886860881,997.7492751921386,0.9190685704315961,-2.5563947813106314,-0.08091580884102412
20.450000000000003,1.0010703248734012,1.0071197151343747,0.0339675965103122,0.9405432259741626,1.0736962042945868,0.9997636511551412,999,0.9997655545406711,997.6979280950573,1.001305076284391,0.04122260500881045,0.0013047703327301319
20.55,0.9439616579190224,0.9437166651530416,0.0321931784840801,0.8806180353242445,1.0068152949818383,0.9997659457905362,942,0.9997677932087332,997.6901638768899,0.9441809031568624,-1.76311504180933,-0.05580613528971079
20.65,0.9710276148056408,0.9689483956847028,0.0295516015046441,0.9110272567356004,1.0268695346338057,0.999811365158813,969,0.9998124588229867,997.7247379762239,0.9712097566764869,-0.9093911126350663,-0.028784844017345934
20.75,1.0081151394215877,1.0160988073732518,0.0415744547481577,0.9346128760668626,1.097584738679641,0.9998823385877283,1006,0.9998822791075334,997.7844130947532,1.0082338296704447,0.26008795285544883,0.008232860314054347
20.85,1.0692541090034924,1.060183083900067,0.0348646199123278,0.9918484288719044,1.1285177389282297,0.9999519623597208,1067,0.9999507939882847,997.8427841882948,1.0693067253755428,2.1893058635099396,0.0693033150152077
20.950000000000003,1.0492223726202936,1.0530548130890716,0.0310905053651107,0.9921174225734544,1.1139922036046888,0.9999943506682002,1047,0.9999925361063373,997.8744378745099,1.0492302039825054,1.555140329421471,0.04922983651395629
21.05,1.0412158265633829,1.031347890215568,0.0315833505818017,0.9694445230752368,1.0932512573558992,0.9999944042160668,1039,0.9999926417442048,997.8645428590174,1.0412234881330926,1.3022085199001863,0.04122318481917808
21.15,1.003144839130744,1.006498739361687,0.0346127774945721,0.938657695472326,1.0743397832510486,0.9999533154646228,1001,0.9999522704968283,997.814257492433,1.0031927209735136,0.10085230250283511,0.0031925686339157044
21.25,0.9760967687377582,0.9754230536899584,0.0337673124915668,0.9092391212064874,1.0416069861734294,0.9998878104540984,974,0.9998878645764785,997.7399898708583,0.9762062359814494,-0.7515741592085129,-0.0237910958387203
21.35,0.9731000629934164,0.9734989035816672,0.0302008218651652,0.9143052927259434,1.032692514437391,0.9998235318779436,971,0.9998246438864524,997.6669061878035,0.9732707319222397,-0.8442670692963723,-0.026724580893035976
21.450000000000003,0.9310185569024836,0.9392183748820562,0.0370130704303923,0.8666727568384872,1.0117639929256252,0.9997851746560992,929,0.9997869040176223,997.6192493277321,0.9312169954880355,-2.172518845975108,-0.06876834711513868
21.55,1.0312461750962452,1.0418511211131327,0.0359095719450022,0.9714683601009282,1.1122338821253372,0.999787163768946,1029,0.9997888446129596,997.611187252197,1.031463974290685,0.9937891110854454,0.031457330483285584
21.65,0.9881622153355396,0.9834928499498856,0.0280543810187699,0.9285062631530966,1.0384794367466743,0.9998283885655882,986,0.9998293856495771,997.6416411243348,0.9883308388057913,-0.36857589021121834,-0.011667170314037523
21.75,1.051310905786155,1.0464777272199872,0.0342848556449474,0.9792794101558904,1.1136760442840845,0.999892909305174,1049,0.9998928576850282,997.6949747971969,1.0514235577995488,1.6242804341996049,0.05141804810112671
21.85,1.0292727566096214,1.027848073169137,0.0390622011048632,0.9512861590036052,1.1044099873346689,0.9999562587790138,1027,0.999955196882471,997.7471768852425,1.0293188733503398,0.9260992474035735,0.029317559727150333
21.950000000000003,1.0322897419267687,1.0270092284578234,0.0370586678073634,0.954374239555391,1.0996442173602556,0.9999948536882846,1030,0.9999932014329356,997.7750970730035,1.0322967600830377,1.0201764350015083,0.032296540493833126
22.05,0.9751728019875586,0.9739470024640796,0.0290416949607057,0.9170252803410964,1.030868724587063,0.9999949002610018,973,0.9999932933102524,997.7651883071321,0.9751793421965841,-0.7840205765211027,-0.024820491322693816
22.15,0.9631556584268204,0.965733338824123,0.0337724400561625,0.8995393563140445,1.0319273213342015,0.9999574356188796,961,0.9999564810478137,997.7184579883467,0.963197575734561,-1.1624664594128438,-0.03680082262099327
22.25,1.0283117693275554,1.0255347354765865,0.0417819690712962,0.9436420760968458,1.1074273948563271,0.9998976682907286,1026,0.9998977154630594,997.6498244201878,1.0284169604262585,0.897566608965042,0.028414053864496025
22.35,0.9932428631466332,0.9954508343718044,0.0363505256672408,0.9242038040640124,1.0666978646795966,0.999838969935156,991,0.9998399829546784,997.5822227507866,0.9934018243301926,-0.20840024473952296,-0.0065971198080451154
22.450000000000003,0.9581732539551968,0.9590272447535192,0.0393298198013827,0.881940797942809,1.0361136915642295,0.9998038865327216,956,0.9998054646847608,997.5377838060176,0.9583596887452885,-1.3151601600236702,-0.04163221072956402
22.55,1.0153130075728805,1.0241104147904103,0.0312849229783716,0.962791965752802,1.0854288638280187,0.9998056220415984,1013,0.9998071578603792,997.5294744977781,1.0155088404881578,0.48982641035568575,0.01550584971250124
22.65,1.0213369447617249,1.0148974726389706,0.0359452724841419,0.9444447385700524,1.0853502067078888,0.9998432073825884,1019,0.9998441201281272,997.5563535546031,1.0214961754982428,0.678937690301932,0.021492824633597696
22.75,0.967222797676468,0.9679877653885256,0.0309212203478773,0.9073821735066858,1.0285933572703652,0.9999021169582007,965,0.9999020718720434,997.6041731281413,0.9673175253207834,-1.0322717969107122,-0.03267927419557537
22.85,1.001311150581908,1.0048521233959604,0.0239897832332748,0.9578321482587416,1.051872098533179,0.9999600035564904,999,0.9999590342200954,997.6510044498065,1.0013521717957248,0.04270917624504065,0.0013521163618125387
22.950000000000003,1.0644675686947511,1.0679703410328638,0.0275606896646524,1.013951389290145,1.1219892927755826,0.9999952923977952,1062,0.9999937816079401,997.6756711840111,1.0644741880291124,2.0364819839440087,0.06447378708681106
23.05,0.9602355487359404,0.9549642653720424,0.0404757132768956,0.8756318673493267,1.0342966633947577,0.999995333156064,958,0.9999938620145632,997.6657509563071,0.960241442669265,-1.255807721533432,-0.03975831327862278
23.15,0.9692662665652793,0.9635373161424818,0.0272465290795131,0.910134119146636,1.0169405131383276,0.9999610334645844,967,0.9999601580516931,997.6221253430222,0.969304885522168,-0.969510001474243,-0.030693891486413882
23.25,0.9772948117907364,0.9731783295415612,0.0274954541231837,0.919287239460121,1.0270694196230017,0.9999062817124362,975,0.9999063230755161,997.5584166451009,0.9773863702930127,-0.7142322316923622,-0.022611511284779673
23.35,1.0023637008904698,1.0090435831786544,0.0310432089436006,0.9481988936491972,1.0698882727081116,0.9998524673127648,1000,0.9998533939896312,997.4956127595493,1.0025106749427422,0.0792950332084099,0.0025103069008385326
23.450000000000003,0.9943547588727694,0.985137393482112,0.0416300100846054,0.9035425737162852,1.0667322132479389,0.99982025599485,992,0.9998217019322024,997.4539966545838,0.994532082007916,-0.17269049318467092,-0.0054669430594330715
23.55,1.0094004836176051,1.01367826007113,0.0366032096931333,0.9419359690725886,1.0854205510696715,0.9998217792422645,1007,0.9998231880227471,997.4454804247057,1.0095789892909495,0.30252709083966717,0.009577295594858093
23.65,0.9913675131148916,0.9918684009593745,0.0305064201152553,0.932075817533474,1.0516609843852749,0.9998561864745902,989,0.9998570251400397,997.4692379396679,0.9915092740532414,-0.26816035934420046,-0.008489512025148138
23.75,1.006413509567994,1.009916311439094,0.0291376153159725,0.952806585419788,1.0670260374584002,0.9999101862084055,1004,0.9999101465984302,997.5122328874876,1.006503947419003,0.205416883839954,0.006503362969563775
23.85,0.9573053153463708,0.961841750319482,0.0278941727742832,0.9071691716818868,1.0165143289570773,0.9999632872414922,955,0.99996239887304,997.5543596999919,0.9573413124946997,-1.3473355678635146,-0.04265708352666919
23.950000000000003,0.921227648419707,0.9179274088839732,0.0332921408649287,0.8526748127887129,0.9831800049792336,0.999995677309896,919,0.9999942905656771,997.5761741337452,0.9212329081516231,-2.4878136435607017,-0.07876664214597018
24.05,0.998424304769847,1.0011296263177971,0.0417518133445528,0.9192960721624734,1.0829631804731208,0.999995713182688,996,0.9999943613342954,997.5662442758036,0.9984299345684651,-0.04958937380909993,-0.0015700565644484188
24.15,1.04454674211038,1.0391514658145642,0.0313330642411377,0.9777386599019342,1.1005642717271942,0.9999641936943856,1042,0.999963387989205,997.5253459863355,1.0445849864292809,1.4081554763754576,0.04458335412117498
24.25,0.9613535201660534,0.958398324300844,0.0260085827284399,0.9074215021531016,1.0093751464485865,0.9999138516878372,959,0.9999138881576843,997.4659671708873,0.96143631117562,-1.2179448215362283,-0.038560367991630984
24.35,0.9653730146700336,0.9744052504224364,0.044216668360176,0.8877405804364913,1.061069920408381,0.9998643361643956,963,0.9998651870799397,997.4073861188446,0.9655031769388313,-1.0894702891493155,-0.0344921724099061
24.450000000000003,1.012498982073249,1.0176814957988916,0.0329443545474655,0.953110560885859,1.082252430711924,0.9998346583063936,1010,0.999835987971178,997.3682598630355,1.0126650713134777,0.3999773614193351,0.012662994102071057
24.55,0.9874470255179798,0.9832248163914248,0.0418601442483279,0.901178933664702,1.0652706991181478,0.9998360025422292,985,0.99983729941589,997.3595691309835,0.9876077098836555,-0.39136091575956133,-0.012390273897910142
24.65,1.0225442270621103,1.0233866702799717,0.0441789495319878,0.9367959291972756,1.1099774113626677,0.9998676182324288,1020,0.9998683914785087,997.3805848981426,1.022678820346365,0.7162273741172409,0.022675835583601645
24.75,0.9583941976521168,0.9552596399093896,0.0349279672823624,0.8868008240359591,1.02371845578282,0.999917297268734,956,0.9999172622828185,997.4193343851084,0.9584734996032108,-1.3114877070632223,-0.04152306463070177
24.85,1.00351695608519,0.9975742904476472,0.0346306052521201,0.9296983041534916,1.0654502767418026,0.9999661825389744,1001,0.9999653654037911,997.4573171531601,1.003551713728414,0.11217216812800675,0.003551590681398875
24.950000000000003,0.9884891497421848,0.9914264369286462,0.0329660038059031,0.926813069469076,1.0560398043882164,0.9999960168740684,986,0.9999947395025551,997.4766171118147,0.9884943497271694,-0.363381263693827,-0.011505589760370305
25.05,1.0376232528705276,1.0474092305840033,0.0373659470022261,0.97417197445964,1.1206464867083663,0.9999960486119972,1035,0.9999948021139861,997.4666791035315,1.0376286463325284,1.1884140935290666,0.03762845075654153
25.15,1.02059039794916,1.0097590758602148,0.0450907848693853,0.9213811375162196,1.0981370142042102,0.999966984505569,1018,0.999966240503853,997.4281895190836,1.0206248536958187,0.6513759140672989,0.02062415744530699
25.25,0.9925291003668048,0.9867796952357544,0.0336572911078287,0.92081140466441,1.0527479858070987,0.9999205401951632,990,0.9999205725141355,997.3726377025138,0.9926079406795268,-0.23345015580491432,-0.007391472147330713
25.35,1.033644204294685,1.0459830254570155,0.0415516366279021,0.9645418176663274,1.1274242332477036,0.9998748283158992,1031,0.9998756123912045,997.3177928396634,1.0337727927869744,1.0665562352890692,0.03376859190348047
25.450000000000003,1.023628820403734,1.0135121296364953,0.0249580057495952,0.9645944383672884,1.062429820905702,0.9998473964855902,1021,0.9998486233566433,997.2808737998353,1.0237837973466695,0.751086473573314,0.02378019704709078
25.55,1.0176235748878846,1.025384259185036,0.0396812713975369,0.9476089672458636,1.1031595511242085,0.9998485886959808,1015,0.9998497864836803,997.2720348770571,1.0177764586822375,0.5613737075497411,0.017773788404204294
25.65,0.985550742712423,0.9791732506964148,0.0315898420438093,0.9172571602905484,1.041089341102281,0.999877739185746,983,0.9998784543746819,997.2906295140583,0.9856705466880586,-0.4525228264076298,-0.01432771166225888
25.75,0.9855606244261635,0.9930885706267027,0.043547325949606,0.9077358117654752,1.0784413294879307,0.999923596053432,983,0.9999235649989532,997.3256236030353,0.9856359615515732,-0.45362298027292486,-0.01436294057278964
25.85,0.9675234370460162,0.9659333590607082,0.0368913654912712,0.8936262826978165,1.0382404354236,0.9999687483688796,965,0.9999679942322024,997.3599371910855,0.9675544043986544,-1.0246645479311287,-0.03244455718618622
25.950000000000003,1.0116486388038348,1.002995325072168,0.034191042980493,0.9359808808304017,1.0700097693139343,0.9999963179438,1009,0.9999951374981402,997.3770091920431,1.0116535579834274,0.3680342338986532,0.011653501305694647
26.05,1.0186772279638685,1.0158753360696666,0.0343067451559199,0.9486341155640636,1.0831165565752698,0.999996346158686,1016,0.999995193159385,997.3670642396387,1.0186821245942852,0.5900023961242706,0.018682034804483494
26.15,1.034729764157898,1.036161205458921,0.0313658559576101,0.9746841277820052,1.0976382831358371,0.9999694613103892,1032,0.9999687721877535,997.3307124972625,1.0347620774817285,1.097805291664458,0.034760991970144595
26.25,1.0297268636200747,1.0363918591538794,0.03406568977873,0.9696231071875684,1.1031606111201904,0.9999264789597152,1027,0.9999265077345664,997.2785597453744,1.0298025461032814,0.9411559878385739,0.029800355885508334
26.35,0.9996572320585998,1.0048850983459885,0.0378915383272041,0.9306176832246684,1.0791525134673088,0.9998841487341026,997,0.9998848735431849,997.2270364108193,0.9997723322748685,-0.007189496726007059,-0.00022764148458509492
26.450000000000003,1.0086913334517191,1.0083309513184844,0.0321522367171426,0.9453125673528848,1.071349335284084,0.9998587173748064,1006,0.9998598529256343,997.1920831439655,1.0088327183949002,0.2789226581600111,0.008831480526084845
26.55,0.973607461238629,0.9694503254817978,0.0384774027309929,0.8940346161290516,1.044866034834544,0.9998597796464164,971,0.9998608892831092,997.1831175643592,0.9737429193262798,-0.8291515121959809,-0.026253428044480276
26.65,0.9856495687678258,0.9929053802858192,0.030107214649786,0.9338952395722384,1.0519155209994,0.9998867423369916,983,0.9998874057669194,997.199563600923,0.9857605597523048,-0.44965969069807815,-0.014237836999093534
26.75,0.9846567470184237,0.9772439514291504,0.0352990199183884,0.9080578723891092,1.046430030469192,0.99992920172337,982,0.9999291740326776,997.2312197492281,0.9847264912614165,-0.4823216436560988,-0.015272427014253909
26.85,0.9515770093622364,0.953137567301739,0.0525864305541923,0.8500681634155219,1.056206971187956,0.999971032887618,949,0.9999703347365075,997.2622691596441,0.9516052390106837,-1.528280399921109,-0.0483933253742711
26.950000000000003,1.019771889315377,1.019913140341704,0.0347273507367098,0.9518475328977528,1.0879787477856555,0.9999965861251334,1017,0.9999954919778711,997.2773577949883,1.0197764865018284,0.6245354812561121,0.019776397337506024
27.05,1.0448505057362685,1.0433892859246208,0.0369338801601815,0.970998880810665,1.1157796910385764,0.999996611319696,1042,0.9999955416806927,997.2674068895591,1.044855164022617,1.4165054892677988,0.04485496405557576
27.15,1.1070312147588706,1.1028346141075842,0.029228778673679,1.0455462079071731,1.160123020307995,0.9999716695080176,1104,0.999971029410341,997.23296125955,1.107063287003268,3.380951066069696,0.10706018534852957
27.25,0.964651003770352,0.963438501240567,0.0338354668500555,0.8971209862144581,1.0297560162666757,0.9999317759894674,962,0.9999318017200172,997.1838411286795,0.964716795762699,-1.114180709039585,-0.03528079794966521
27.35,0.995746416570164,0.99332174810017,0.0262141412343483,0.9419420312808472,1.0447014649194928,0.9998924656135796,993,0.9998931376282841,997.1352838130746,0.9958528357383352,-0.13095686786657612,-0.004146721058120084
27.450000000000003,0.967678678888561,0.9787110746197516,0.0311605562011249,0.9176363844655466,1.0397857647739563,0.9998688236896466,965,0.9998698777478946,997.1020888303337,0.967804611794574,-1.0166313058811756,-0.032191198859333636
27.55,0.9767134561613936,0.9661772536927838,0.039547800330084,0.8886635650458191,1.0436909423397485,0.9998697742394892,974,0.999870805108601,997.0930143545223,0.9768396588662576,-0.7313289890720516,-0.023157348947207446
27.65,0.9847456186990506,0.9844064432907452,0.0338104554064913,0.9181379506940224,1.0506749358874683,0.9998947864313136,982,0.9998954035217054,997.1075449185813,0.9848486304255025,-0.4784349448198234,-0.015149784822654722
27.75,0.914559074155105,0.9147341827108152,0.0301212705430254,0.8556964924464854,0.973771872975145,0.9999342123635144,912,0.9999341875678209,997.1362209409511,0.9146192675052842,-2.6961069907869697,-0.08537511341271597
27.85,1.0148498519162394,1.0187096698428382,0.0260731816240307,0.967606233859738,1.0698131058259386,0.9999730757642072,1012,0.999972427589105,997.1643537035634,1.0148778345729423,0.4698109102405658,0.014877424327134459
27.950000000000003,1.0720211182714667,1.0697081778568092,0.0426959489359427,0.9860241179423614,1.1533922377712569,0.9999968260395348,1069,0.9999958090619316,997.1776690366571,1.0720256110756354,2.2744333968070594,0.0720253092095351
28.05,1.0479638013036936,1.0445471932964656,0.0367011348452887,0.9726129689996996,1.1164814175932316,0.999996848629929,1045,0.9999958536273192,997.1677129986189,1.0479681465593615,1.5147363312311801,0.047967947676374356
28.15,1.0058547696370732,1.0076933196356737,0.0296160574210837,0.9496458470903496,1.0657407921809978,0.9999736465798532,1003,0.9999730504568144,997.1349740647908,1.0058818776672738,0.18573466307151282,0.005881719180258815
28.25,1.0419676838490188,1.0429128026682235,0.0353956364472163,0.9735373552316796,1.1122882501047675,0.99993652052086,1039,0.9999365436218357,997.0885709421967,1.0420338075063875,1.327289320884229,0.04203114022718313
28.35,0.9878233512485382,0.9816583879485078,0.0329388123832714,0.9170983156772956,1.04621846021972,0.9998999180182636,985,0.9999005428016294,997.0426731057896,0.9879216071381612,-0.3813871220668405,-0.012077191553091282
28.450000000000003,0.9136204044979704,0.9118573760792008,0.0333559764662883,0.8464796622052755,0.977235089953126,0.9998778831572772,911,0.9998788641895691,997.0110571093525,0.9137310900455553,-2.723982404651933,-0.08625845969159862
28.55,0.9276699780466896,0.9385681703606752,0.0327600521517959,0.8743584681431552,1.0027778725781953,0.999878737118593,925,0.9998796973177068,997.0018884910569,0.9277815926707718,-2.2803205282417673,-0.07220971927101716
28.65,0.9657893499250312,0.9610226240407036,0.0285206013080368,0.9051222454769514,1.016923002604456,0.9999020030023956,963,0.9999025784420418,997.0147041783976,0.9658834478209348,-1.0772485460457892,-0.034113228517010596
28.75,0.9337060258572704,0.931538965713903,0.0348920039744079,0.8631506379240634,0.9999272935037428,0.9999387093029006,931,0.9999386870123179,997.0407085289094,0.9337632777037262,-2.0914875259198955,-0.06623266115504756
28.85,1.0149516383930657,1.0335732793202386,0.0406100197141913,0.9539776406804236,1.1131689179600537,0.999974909914034,1012,0.9999743065355534,997.0662245445983,1.0149777167130725,0.47294170700800064,0.014977331857512266
28.950000000000003,1.0631022996576691,1.066754108083324,0.0376918123418326,0.992878155893332,1.140630060273316,0.999997041524336,1060,0.9999960938312026,997.0779479943351,1.0631064523412992,1.9926834861844573,0.06310620582646653
29.05,1.0520806581496094,1.047816189903926,0.0358826606748234,0.977486174981272,1.11814620482658,0.9999970618574416,1049,0.9999961339434769,997.0679875075152,1.05208472555849,1.6446472625980133,0.05208452420613252
29.15,1.0731530936758278,1.0628869341627545,0.0347871560812268,0.9947041082435498,1.131069760081959,0.9999754236905856,1070,0.9999748671623233,997.0367827254225,1.0731800657094424,2.3107256510728185,0.07317822651350447
29.25,1.0089746174438812,1.0005180121268429,0.0299067869603064,0.941900709684642,1.0591353145690434,0.9999407868018746,1006,0.9999408076197185,996.992823312526,1.009034344557815,0.28526117451864785,0.009033809824162686
29.35,0.9327592505319474,0.9285088999801638,0.0359668617531307,0.8580138509440275,0.9990039490163002,0.9999066217325806,930,0.9999072040928931,996.9493192360193,0.9328458147829182,-2.120360107183018,-0.06714795356094572
29.450000000000003,0.923741813432747,0.9265856716006114,0.0393279720953679,0.8495028462936903,1.003668496907533,0.9998860355207184,921,0.9998869508603321,996.9191264908026,0.9238462534488218,-2.404480384026333,-0.07614513742758511
29.55,0.9728974447074936,0.9809461140874624,0.0296747436379359,0.922783616557108,1.039108611617817,0.9998868055487792,970,0.9998877021025465,996.9098760675956,0.9730067113250557,-0.8522828479440296,-0.026990257395052897
29.65,0.9217543504072192,0.9216092886614382,0.0322925401213797,0.858315910023534,0.9849026672993424,0.999908501783806,919,0.9999090396498783,996.9211504231426,0.9218382011555587,-2.4678851847484973,-0.07815468924265911
29.75,1.0461364861850426,1.0504518766322346,0.0225309404089982,1.006291233430598,1.0946125198338712,0.9999427604357644,1043,0.9999427403238905,996.944750421348,1.0461963910830436,1.458624804726217,0.0461937458611521
29.85,1.0140504280512843,1.011334712097932,0.0309639974933897,0.950645277010888,1.0720241471849756,0.999976562833064,1011,0.9999759997634562,996.9679098497628,1.014074766109926,0.4444079059805134,0.014074428287828122
29.950000000000003,1.0792573742712548,1.075356025806005,0.0488643414827448,0.9795819164998252,1.171130135112185,0.9999972357871352,1076,0.9999963505320744,996.9781989113023,1.0792613130106448,2.502672913258179,0.07926102373918043
